pulling manifest ⠋ pulling manifest ⠙ pulling manifest ⠹ pulling manifest ⠸ pulling manifest ⠼ pulling manifest ⠴ pulling manifest ⠦ pulling manifest ⠧ pulling manifest ⠇ pulling manifest ⠏ pulling manifest ⠋ pulling manifest ⠙ pulling manifest ⠹ pulling manifest ⠸ pulling manifest ⠼ pulling manifest ⠴ pulling manifest ⠦ pulling manifest ⠧ pulling manifest ⠇ pulling manifest ⠏ pulling manifest ⠋ pulling manifest ⠙ pulling manifest 
pulling 2af3b81862c6:   0% ▕                  ▏ 8.2 KB/637 MB                  pulling manifest 
pulling 2af3b81862c6:   0% ▕                  ▏ 187 KB/637 MB                  pulling manifest 
pulling 2af3b81862c6:   0% ▕                  ▏ 826 KB/637 MB                  pulling manifest 
pulling 2af3b81862c6:   0% ▕                  ▏ 1.5 MB/637 MB                  pulling manifest 
pulling 2af3b81862c6:   0% ▕                  ▏ 1.8 MB/637 MB                  pulling manifest 
pulling 2af3b81862c6:   0% ▕                  ▏ 2.4 MB/637 MB                  pulling manifest 
pulling 2af3b81862c6:   0% ▕                  ▏ 3.1 MB/637 MB                  pulling manifest 
pulling 2af3b81862c6:   1% ▕                  ▏ 3.3 MB/637 MB                  pulling manifest 
pulling 2af3b81862c6:   1% ▕                  ▏ 4.1 MB/637 MB                  pulling manifest 
pulling 2af3b81862c6:   1% ▕                  ▏ 4.7 MB/637 MB                  pulling manifest 
pulling 2af3b81862c6:   1% ▕                  ▏ 4.9 MB/637 MB                  pulling manifest 
pulling 2af3b81862c6:   1% ▕                  ▏ 5.6 MB/637 MB  5.3 MB/s   1m58spulling manifest 
pulling 2af3b81862c6:   1% ▕                  ▏ 6.3 MB/637 MB  5.3 MB/s   1m58spulling manifest 
pulling 2af3b81862c6:   1% ▕                  ▏ 6.6 MB/637 MB  5.3 MB/s   1m58spulling manifest 
pulling 2af3b81862c6:   1% ▕                  ▏ 7.4 MB/637 MB  5.3 MB/s   1m57spulling manifest 
pulling 2af3b81862c6:   1% ▕                  ▏ 8.1 MB/637 MB  5.3 MB/s   1m57spulling manifest 
pulling 2af3b81862c6:   1% ▕                  ▏ 8.4 MB/637 MB  5.3 MB/s   1m57spulling manifest 
pulling 2af3b81862c6:   1% ▕                  ▏ 9.1 MB/637 MB  5.3 MB/s   1m57spulling manifest 
pulling 2af3b81862c6:   2% ▕                  ▏ 9.8 MB/637 MB  5.3 MB/s   1m57spulling manifest 
pulling 2af3b81862c6:   2% ▕                  ▏  10 MB/637 MB  5.3 MB/s   1m57spulling manifest 
pulling 2af3b81862c6:   2% ▕                  ▏  10 MB/637 MB  5.3 MB/s   1m57spulling manifest 
pulling 2af3b81862c6:   2% ▕                  ▏  11 MB/637 MB  5.5 MB/s   1m54spulling manifest 
pulling 2af3b81862c6:   2% ▕                  ▏  11 MB/637 MB  5.5 MB/s   1m53spulling manifest 
pulling 2af3b81862c6:   2% ▕                  ▏  12 MB/637 MB  5.5 MB/s   1m53spulling manifest 
pulling 2af3b81862c6:   2% ▕                  ▏  12 MB/637 MB  5.5 MB/s   1m53spulling manifest 
pulling 2af3b81862c6:   2% ▕                  ▏  13 MB/637 MB  5.5 MB/s   1m53spulling manifest 
pulling 2af3b81862c6:   2% ▕                  ▏  13 MB/637 MB  5.5 MB/s   1m53spulling manifest 
pulling 2af3b81862c6:   2% ▕                  ▏  14 MB/637 MB  5.5 MB/s   1m53spulling manifest 
pulling 2af3b81862c6:   2% ▕                  ▏  14 MB/637 MB  5.5 MB/s   1m53spulling manifest 
pulling 2af3b81862c6:   2% ▕                  ▏  15 MB/637 MB  5.5 MB/s   1m53spulling manifest 
pulling 2af3b81862c6:   3% ▕                  ▏  16 MB/637 MB  5.5 MB/s   1m53spulling manifest 
pulling 2af3b81862c6:   3% ▕                  ▏  16 MB/637 MB  5.5 MB/s   1m52spulling manifest 
pulling 2af3b81862c6:   3% ▕                  ▏  16 MB/637 MB  5.5 MB/s   1m52spulling manifest 
pulling 2af3b81862c6:   3% ▕                  ▏  17 MB/637 MB  5.5 MB/s   1m52spulling manifest 
pulling 2af3b81862c6:   3% ▕                  ▏  17 MB/637 MB  5.5 MB/s   1m52spulling manifest 
pulling 2af3b81862c6:   3% ▕                  ▏  18 MB/637 MB  5.5 MB/s   1m52spulling manifest 
pulling 2af3b81862c6:   3% ▕                  ▏  18 MB/637 MB  5.5 MB/s   1m52spulling manifest 
pulling 2af3b81862c6:   3% ▕                  ▏  18 MB/637 MB  5.5 MB/s   1m52spulling manifest 
pulling 2af3b81862c6:   3% ▕                  ▏  19 MB/637 MB  5.5 MB/s   1m52spulling manifest 
pulling 2af3b81862c6:   3% ▕                  ▏  20 MB/637 MB  5.5 MB/s   1m52spulling manifest 
pulling 2af3b81862c6:   3% ▕                  ▏  20 MB/637 MB  5.5 MB/s   1m52spulling manifest 
pulling 2af3b81862c6:   3% ▕                  ▏  21 MB/637 MB  5.3 MB/s   1m56spulling manifest 
pulling 2af3b81862c6:   3% ▕                  ▏  21 MB/637 MB  5.3 MB/s   1m56spulling manifest 
pulling 2af3b81862c6:   3% ▕                  ▏  22 MB/637 MB  5.3 MB/s   1m56spulling manifest 
pulling 2af3b81862c6:   4% ▕                  ▏  22 MB/637 MB  5.3 MB/s   1m55spulling manifest 
pulling 2af3b81862c6:   4% ▕                  ▏  23 MB/637 MB  5.3 MB/s   1m55spulling manifest 
pulling 2af3b81862c6:   4% ▕                  ▏  23 MB/637 MB  5.3 MB/s   1m55spulling manifest 
pulling 2af3b81862c6:   4% ▕                  ▏  24 MB/637 MB  5.3 MB/s   1m55spulling manifest 
pulling 2af3b81862c6:   4% ▕                  ▏  25 MB/637 MB  5.3 MB/s   1m55spulling manifest 
pulling 2af3b81862c6:   4% ▕                  ▏  25 MB/637 MB  5.3 MB/s   1m55spulling manifest 
pulling 2af3b81862c6:   4% ▕                  ▏  26 MB/637 MB  5.3 MB/s   1m55spulling manifest 
pulling 2af3b81862c6:   4% ▕                  ▏  26 MB/637 MB  5.4 MB/s   1m53spulling manifest 
pulling 2af3b81862c6:   4% ▕                  ▏  27 MB/637 MB  5.4 MB/s   1m53spulling manifest 
pulling 2af3b81862c6:   4% ▕                  ▏  27 MB/637 MB  5.4 MB/s   1m53spulling manifest 
pulling 2af3b81862c6:   4% ▕                  ▏  28 MB/637 MB  5.4 MB/s   1m53spulling manifest 
pulling 2af3b81862c6:   5% ▕                  ▏  28 MB/637 MB  5.4 MB/s   1m53spulling manifest 
pulling 2af3b81862c6:   5% ▕                  ▏  29 MB/637 MB  5.4 MB/s   1m53spulling manifest 
pulling 2af3b81862c6:   5% ▕                  ▏  30 MB/637 MB  5.4 MB/s   1m52spulling manifest 
pulling 2af3b81862c6:   5% ▕                  ▏  30 MB/637 MB  5.4 MB/s   1m52spulling manifest 
pulling 2af3b81862c6:   5% ▕                  ▏  31 MB/637 MB  5.4 MB/s   1m52spulling manifest 
pulling 2af3b81862c6:   5% ▕                  ▏  31 MB/637 MB  5.4 MB/s   1m52spulling manifest 
pulling 2af3b81862c6:   5% ▕                  ▏  32 MB/637 MB  5.4 MB/s   1m52spulling manifest 
pulling 2af3b81862c6:   5% ▕                  ▏  32 MB/637 MB  5.4 MB/s   1m51spulling manifest 
pulling 2af3b81862c6:   5% ▕                  ▏  33 MB/637 MB  5.4 MB/s   1m51spulling manifest 
pulling 2af3b81862c6:   5% ▕                  ▏  33 MB/637 MB  5.4 MB/s   1m51spulling manifest 
pulling 2af3b81862c6:   5% ▕                  ▏  33 MB/637 MB  5.4 MB/s   1m51spulling manifest 
pulling 2af3b81862c6:   5% ▕                  ▏  34 MB/637 MB  5.4 MB/s   1m51spulling manifest 
pulling 2af3b81862c6:   5% ▕                  ▏  34 MB/637 MB  5.4 MB/s   1m51spulling manifest 
pulling 2af3b81862c6:   5% ▕                  ▏  34 MB/637 MB  5.4 MB/s   1m51spulling manifest 
pulling 2af3b81862c6:   5% ▕                  ▏  34 MB/637 MB  5.4 MB/s   1m51spulling manifest 
pulling 2af3b81862c6:   5% ▕                  ▏  34 MB/637 MB  5.4 MB/s   1m51spulling manifest 
pulling 2af3b81862c6:   5% ▕                  ▏  35 MB/637 MB  5.4 MB/s   1m51spulling manifest 
pulling 2af3b81862c6:   6% ▕█                 ▏  35 MB/637 MB  5.0 MB/s   1m59spulling manifest 
pulling 2af3b81862c6:   6% ▕█                 ▏  35 MB/637 MB  5.0 MB/s   1m59spulling manifest 
pulling 2af3b81862c6:   6% ▕█                 ▏  35 MB/637 MB  5.0 MB/s   1m59spulling manifest 
pulling 2af3b81862c6:   6% ▕█                 ▏  36 MB/637 MB  5.0 MB/s   1m59spulling manifest 
pulling 2af3b81862c6:   6% ▕█                 ▏  36 MB/637 MB  5.0 MB/s   1m59spulling manifest 
pulling 2af3b81862c6:   6% ▕█                 ▏  37 MB/637 MB  5.0 MB/s   1m59spulling manifest 
pulling 2af3b81862c6:   6% ▕█                 ▏  38 MB/637 MB  5.0 MB/s   1m59spulling manifest 
pulling 2af3b81862c6:   6% ▕█                 ▏  38 MB/637 MB  5.0 MB/s   1m59spulling manifest 
pulling 2af3b81862c6:   6% ▕█                 ▏  39 MB/637 MB  5.0 MB/s   1m59spulling manifest 
pulling 2af3b81862c6:   6% ▕█                 ▏  39 MB/637 MB  5.0 MB/s   1m58spulling manifest 
pulling 2af3b81862c6:   6% ▕█                 ▏  39 MB/637 MB  5.0 MB/s   1m59spulling manifest 
pulling 2af3b81862c6:   6% ▕█                 ▏  40 MB/637 MB  5.0 MB/s   1m59spulling manifest 
pulling 2af3b81862c6:   6% ▕█                 ▏  41 MB/637 MB  5.0 MB/s   1m59spulling manifest 
pulling 2af3b81862c6:   7% ▕█                 ▏  41 MB/637 MB  5.0 MB/s   1m59spulling manifest 
pulling 2af3b81862c6:   7% ▕█                 ▏  42 MB/637 MB  5.0 MB/s   1m59spulling manifest 
pulling 2af3b81862c6:   7% ▕█                 ▏  42 MB/637 MB  5.0 MB/s   1m59spulling manifest 
pulling 2af3b81862c6:   7% ▕█                 ▏  42 MB/637 MB  5.0 MB/s   1m59spulling manifest 
pulling 2af3b81862c6:   7% ▕█                 ▏  43 MB/637 MB  5.0 MB/s   1m59spulling manifest 
pulling 2af3b81862c6:   7% ▕█                 ▏  44 MB/637 MB  5.0 MB/s   1m59spulling manifest 
pulling 2af3b81862c6:   7% ▕█                 ▏  44 MB/637 MB  5.0 MB/s   1m58spulling manifest 
pulling 2af3b81862c6:   7% ▕█                 ▏  45 MB/637 MB  5.0 MB/s   1m57spulling manifest 
pulling 2af3b81862c6:   7% ▕█                 ▏  45 MB/637 MB  5.0 MB/s   1m57spulling manifest 
pulling 2af3b81862c6:   7% ▕█                 ▏  46 MB/637 MB  5.0 MB/s   1m57spulling manifest 
pulling 2af3b81862c6:   7% ▕█                 ▏  46 MB/637 MB  5.0 MB/s   1m57spulling manifest 
pulling 2af3b81862c6:   7% ▕█                 ▏  46 MB/637 MB  5.0 MB/s   1m57spulling manifest 
pulling 2af3b81862c6:   7% ▕█                 ▏  47 MB/637 MB  5.0 MB/s   1m57spulling manifest 
pulling 2af3b81862c6:   7% ▕█                 ▏  47 MB/637 MB  5.0 MB/s   1m57spulling manifest 
pulling 2af3b81862c6:   8% ▕█                 ▏  48 MB/637 MB  5.0 MB/s   1m57spulling manifest 
pulling 2af3b81862c6:   8% ▕█                 ▏  48 MB/637 MB  5.0 MB/s   1m57spulling manifest 
pulling 2af3b81862c6:   8% ▕█                 ▏  49 MB/637 MB  5.0 MB/s   1m57spulling manifest 
pulling 2af3b81862c6:   8% ▕█                 ▏  49 MB/637 MB  4.9 MB/s   1m59spulling manifest 
pulling 2af3b81862c6:   8% ▕█                 ▏  50 MB/637 MB  4.9 MB/s   1m59spulling manifest 
pulling 2af3b81862c6:   8% ▕█                 ▏  50 MB/637 MB  4.9 MB/s   1m59spulling manifest 
pulling 2af3b81862c6:   8% ▕█                 ▏  51 MB/637 MB  4.9 MB/s   1m59spulling manifest 
pulling 2af3b81862c6:   8% ▕█                 ▏  51 MB/637 MB  4.9 MB/s   1m59spulling manifest 
pulling 2af3b81862c6:   8% ▕█                 ▏  52 MB/637 MB  4.9 MB/s   1m59spulling manifest 
pulling 2af3b81862c6:   8% ▕█                 ▏  52 MB/637 MB  4.9 MB/s   1m58spulling manifest 
pulling 2af3b81862c6:   8% ▕█                 ▏  53 MB/637 MB  4.9 MB/s   1m58spulling manifest 
pulling 2af3b81862c6:   8% ▕█                 ▏  53 MB/637 MB  4.9 MB/s   1m58spulling manifest 
pulling 2af3b81862c6:   9% ▕█                 ▏  54 MB/637 MB  4.9 MB/s   1m58spulling manifest 
pulling 2af3b81862c6:   9% ▕█                 ▏  54 MB/637 MB  4.9 MB/s   1m58spulling manifest 
pulling 2af3b81862c6:   9% ▕█                 ▏  55 MB/637 MB  4.9 MB/s   1m59spulling manifest 
pulling 2af3b81862c6:   9% ▕█                 ▏  55 MB/637 MB  4.9 MB/s   1m59spulling manifest 
pulling 2af3b81862c6:   9% ▕█                 ▏  56 MB/637 MB  4.9 MB/s   1m59spulling manifest 
pulling 2af3b81862c6:   9% ▕█                 ▏  56 MB/637 MB  4.9 MB/s   1m58spulling manifest 
pulling 2af3b81862c6:   9% ▕█                 ▏  57 MB/637 MB  4.9 MB/s   1m58spulling manifest 
pulling 2af3b81862c6:   9% ▕█                 ▏  57 MB/637 MB  4.9 MB/s   1m58spulling manifest 
pulling 2af3b81862c6:   9% ▕█                 ▏  58 MB/637 MB  4.9 MB/s   1m58spulling manifest 
pulling 2af3b81862c6:   9% ▕█                 ▏  58 MB/637 MB  4.9 MB/s   1m58spulling manifest 
pulling 2af3b81862c6:   9% ▕█                 ▏  58 MB/637 MB  4.9 MB/s   1m58spulling manifest 
pulling 2af3b81862c6:   9% ▕█                 ▏  59 MB/637 MB  4.9 MB/s   1m58spulling manifest 
pulling 2af3b81862c6:   9% ▕█                 ▏  60 MB/637 MB  4.8 MB/s   1m59spulling manifest 
pulling 2af3b81862c6:  10% ▕█                 ▏  60 MB/637 MB  4.8 MB/s   1m59spulling manifest 
pulling 2af3b81862c6:  10% ▕█                 ▏  61 MB/637 MB  4.8 MB/s   1m59spulling manifest 
pulling 2af3b81862c6:  10% ▕█                 ▏  61 MB/637 MB  4.8 MB/s   1m59spulling manifest 
pulling 2af3b81862c6:  10% ▕█                 ▏  62 MB/637 MB  4.8 MB/s   1m59spulling manifest 
pulling 2af3b81862c6:  10% ▕█                 ▏  62 MB/637 MB  4.8 MB/s   1m58spulling manifest 
pulling 2af3b81862c6:  10% ▕█                 ▏  63 MB/637 MB  4.8 MB/s   1m58spulling manifest 
pulling 2af3b81862c6:  10% ▕█                 ▏  63 MB/637 MB  4.8 MB/s   1m58spulling manifest 
pulling 2af3b81862c6:  10% ▕█                 ▏  64 MB/637 MB  4.8 MB/s   1m58spulling manifest 
pulling 2af3b81862c6:  10% ▕█                 ▏  64 MB/637 MB  4.8 MB/s   1m58spulling manifest 
pulling 2af3b81862c6:  10% ▕█                 ▏  65 MB/637 MB  4.8 MB/s   1m58spulling manifest 
pulling 2af3b81862c6:  10% ▕█                 ▏  65 MB/637 MB  4.9 MB/s   1m56spulling manifest 
pulling 2af3b81862c6:  10% ▕█                 ▏  66 MB/637 MB  4.9 MB/s   1m56spulling manifest 
pulling 2af3b81862c6:  10% ▕█                 ▏  66 MB/637 MB  4.9 MB/s   1m56spulling manifest 
pulling 2af3b81862c6:  11% ▕█                 ▏  67 MB/637 MB  4.9 MB/s   1m56spulling manifest 
pulling 2af3b81862c6:  11% ▕█                 ▏  67 MB/637 MB  4.9 MB/s   1m56spulling manifest 
pulling 2af3b81862c6:  11% ▕█                 ▏  67 MB/637 MB  4.9 MB/s   1m56spulling manifest 
pulling 2af3b81862c6:  11% ▕█                 ▏  68 MB/637 MB  4.9 MB/s   1m56spulling manifest 
pulling 2af3b81862c6:  11% ▕█                 ▏  69 MB/637 MB  4.9 MB/s   1m56spulling manifest 
pulling 2af3b81862c6:  11% ▕█                 ▏  69 MB/637 MB  4.9 MB/s   1m56spulling manifest 
pulling 2af3b81862c6:  11% ▕█                 ▏  70 MB/637 MB  4.9 MB/s   1m55spulling manifest 
pulling 2af3b81862c6:  11% ▕██                ▏  70 MB/637 MB  4.8 MB/s   1m57spulling manifest 
pulling 2af3b81862c6:  11% ▕██                ▏  71 MB/637 MB  4.8 MB/s   1m57spulling manifest 
pulling 2af3b81862c6:  11% ▕██                ▏  71 MB/637 MB  4.8 MB/s   1m56spulling manifest 
pulling 2af3b81862c6:  11% ▕██                ▏  72 MB/637 MB  4.8 MB/s   1m56spulling manifest 
pulling 2af3b81862c6:  11% ▕██                ▏  72 MB/637 MB  4.8 MB/s   1m56spulling manifest 
pulling 2af3b81862c6:  12% ▕██                ▏  73 MB/637 MB  4.8 MB/s   1m56spulling manifest 
pulling 2af3b81862c6:  12% ▕██                ▏  74 MB/637 MB  4.8 MB/s   1m56spulling manifest 
pulling 2af3b81862c6:  12% ▕██                ▏  74 MB/637 MB  4.8 MB/s   1m56spulling manifest 
pulling 2af3b81862c6:  12% ▕██                ▏  75 MB/637 MB  4.8 MB/s   1m56spulling manifest 
pulling 2af3b81862c6:  12% ▕██                ▏  75 MB/637 MB  4.8 MB/s   1m56spulling manifest 
pulling 2af3b81862c6:  12% ▕██                ▏  76 MB/637 MB  4.8 MB/s   1m55spulling manifest 
pulling 2af3b81862c6:  12% ▕██                ▏  76 MB/637 MB  4.8 MB/s   1m55spulling manifest 
pulling 2af3b81862c6:  12% ▕██                ▏  77 MB/637 MB  4.8 MB/s   1m55spulling manifest 
pulling 2af3b81862c6:  12% ▕██                ▏  77 MB/637 MB  4.8 MB/s   1m55spulling manifest 
pulling 2af3b81862c6:  12% ▕██                ▏  78 MB/637 MB  4.8 MB/s   1m55spulling manifest 
pulling 2af3b81862c6:  12% ▕██                ▏  78 MB/637 MB  4.8 MB/s   1m55spulling manifest 
pulling 2af3b81862c6:  12% ▕██                ▏  78 MB/637 MB  4.8 MB/s   1m55spulling manifest 
pulling 2af3b81862c6:  12% ▕██                ▏  79 MB/637 MB  4.8 MB/s   1m55spulling manifest 
pulling 2af3b81862c6:  13% ▕██                ▏  79 MB/637 MB  4.8 MB/s   1m55spulling manifest 
pulling 2af3b81862c6:  13% ▕██                ▏  80 MB/637 MB  4.8 MB/s   1m55spulling manifest 
pulling 2af3b81862c6:  13% ▕██                ▏  80 MB/637 MB  5.1 MB/s   1m49spulling manifest 
pulling 2af3b81862c6:  13% ▕██                ▏  81 MB/637 MB  5.1 MB/s   1m49spulling manifest 
pulling 2af3b81862c6:  13% ▕██                ▏  81 MB/637 MB  5.1 MB/s   1m49spulling manifest 
pulling 2af3b81862c6:  13% ▕██                ▏  82 MB/637 MB  5.1 MB/s   1m49spulling manifest 
pulling 2af3b81862c6:  13% ▕██                ▏  83 MB/637 MB  5.1 MB/s   1m49spulling manifest 
pulling 2af3b81862c6:  13% ▕██                ▏  83 MB/637 MB  5.1 MB/s   1m48spulling manifest 
pulling 2af3b81862c6:  13% ▕██                ▏  84 MB/637 MB  5.1 MB/s   1m48spulling manifest 
pulling 2af3b81862c6:  13% ▕██                ▏  84 MB/637 MB  5.1 MB/s   1m48spulling manifest 
pulling 2af3b81862c6:  13% ▕██                ▏  84 MB/637 MB  5.1 MB/s   1m48spulling manifest 
pulling 2af3b81862c6:  13% ▕██                ▏  84 MB/637 MB  5.1 MB/s   1m48spulling manifest 
pulling 2af3b81862c6:  13% ▕██                ▏  85 MB/637 MB  5.0 MB/s   1m50spulling manifest 
pulling 2af3b81862c6:  13% ▕██                ▏  85 MB/637 MB  5.0 MB/s   1m50spulling manifest 
pulling 2af3b81862c6:  13% ▕██                ▏  85 MB/637 MB  5.0 MB/s   1m49spulling manifest 
pulling 2af3b81862c6:  13% ▕██                ▏  85 MB/637 MB  5.0 MB/s   1m49spulling manifest 
pulling 2af3b81862c6:  13% ▕██                ▏  85 MB/637 MB  5.0 MB/s   1m49spulling manifest 
pulling 2af3b81862c6:  13% ▕██                ▏  86 MB/637 MB  5.0 MB/s   1m49spulling manifest 
pulling 2af3b81862c6:  14% ▕██                ▏  86 MB/637 MB  5.0 MB/s   1m49spulling manifest 
pulling 2af3b81862c6:  14% ▕██                ▏  86 MB/637 MB  5.0 MB/s   1m49spulling manifest 
pulling 2af3b81862c6:  14% ▕██                ▏  86 MB/637 MB  5.0 MB/s   1m49spulling manifest 
pulling 2af3b81862c6:  14% ▕██                ▏  87 MB/637 MB  5.0 MB/s   1m49spulling manifest 
pulling 2af3b81862c6:  14% ▕██                ▏  87 MB/637 MB  5.0 MB/s   1m49spulling manifest 
pulling 2af3b81862c6:  14% ▕██                ▏  87 MB/637 MB  4.7 MB/s   1m57spulling manifest 
pulling 2af3b81862c6:  14% ▕██                ▏  87 MB/637 MB  4.7 MB/s   1m57spulling manifest 
pulling 2af3b81862c6:  14% ▕██                ▏  88 MB/637 MB  4.7 MB/s   1m57spulling manifest 
pulling 2af3b81862c6:  14% ▕██                ▏  88 MB/637 MB  4.7 MB/s   1m57spulling manifest 
pulling 2af3b81862c6:  14% ▕██                ▏  88 MB/637 MB  4.7 MB/s   1m56spulling manifest 
pulling 2af3b81862c6:  14% ▕██                ▏  89 MB/637 MB  4.7 MB/s   1m56spulling manifest 
pulling 2af3b81862c6:  14% ▕██                ▏  89 MB/637 MB  4.7 MB/s   1m56spulling manifest 
pulling 2af3b81862c6:  14% ▕██                ▏  90 MB/637 MB  4.7 MB/s   1m56spulling manifest 
pulling 2af3b81862c6:  14% ▕██                ▏  90 MB/637 MB  4.7 MB/s   1m56spulling manifest 
pulling 2af3b81862c6:  14% ▕██                ▏  91 MB/637 MB  4.7 MB/s   1m56spulling manifest 
pulling 2af3b81862c6:  14% ▕██                ▏  91 MB/637 MB  4.6 MB/s   1m57spulling manifest 
pulling 2af3b81862c6:  14% ▕██                ▏  91 MB/637 MB  4.6 MB/s   1m57spulling manifest 
pulling 2af3b81862c6:  14% ▕██                ▏  92 MB/637 MB  4.6 MB/s   1m57spulling manifest 
pulling 2af3b81862c6:  15% ▕██                ▏  92 MB/637 MB  4.6 MB/s   1m57spulling manifest 
pulling 2af3b81862c6:  15% ▕██                ▏  92 MB/637 MB  4.6 MB/s   1m57spulling manifest 
pulling 2af3b81862c6:  15% ▕██                ▏  93 MB/637 MB  4.6 MB/s   1m57spulling manifest 
pulling 2af3b81862c6:  15% ▕██                ▏  93 MB/637 MB  4.6 MB/s   1m57spulling manifest 
pulling 2af3b81862c6:  15% ▕██                ▏  93 MB/637 MB  4.6 MB/s   1m57spulling manifest 
pulling 2af3b81862c6:  15% ▕██                ▏  94 MB/637 MB  4.6 MB/s   1m57spulling manifest 
pulling 2af3b81862c6:  15% ▕██                ▏  94 MB/637 MB  4.6 MB/s   1m56spulling manifest 
pulling 2af3b81862c6:  15% ▕██                ▏  95 MB/637 MB  4.6 MB/s   1m56spulling manifest 
pulling 2af3b81862c6:  15% ▕██                ▏  95 MB/637 MB  4.5 MB/s    2m0spulling manifest 
pulling 2af3b81862c6:  15% ▕██                ▏  96 MB/637 MB  4.5 MB/s   1m59spulling manifest 
pulling 2af3b81862c6:  15% ▕██                ▏  96 MB/637 MB  4.5 MB/s   1m59spulling manifest 
pulling 2af3b81862c6:  15% ▕██                ▏  97 MB/637 MB  4.5 MB/s   1m59spulling manifest 
pulling 2af3b81862c6:  15% ▕██                ▏  97 MB/637 MB  4.5 MB/s   1m59spulling manifest 
pulling 2af3b81862c6:  15% ▕██                ▏  98 MB/637 MB  4.5 MB/s   1m59spulling manifest 
pulling 2af3b81862c6:  16% ▕██                ▏  98 MB/637 MB  4.5 MB/s   1m59spulling manifest 
pulling 2af3b81862c6:  16% ▕██                ▏  99 MB/637 MB  4.5 MB/s   1m59spulling manifest 
pulling 2af3b81862c6:  16% ▕██                ▏  99 MB/637 MB  4.5 MB/s   1m59spulling manifest 
pulling 2af3b81862c6:  16% ▕██                ▏ 100 MB/637 MB  4.5 MB/s   1m59spulling manifest 
pulling 2af3b81862c6:  16% ▕██                ▏ 100 MB/637 MB  4.5 MB/s   1m58spulling manifest 
pulling 2af3b81862c6:  16% ▕██                ▏ 101 MB/637 MB  4.5 MB/s   1m58spulling manifest 
pulling 2af3b81862c6:  16% ▕██                ▏ 101 MB/637 MB  4.5 MB/s   1m58spulling manifest 
pulling 2af3b81862c6:  16% ▕██                ▏ 102 MB/637 MB  4.5 MB/s   1m58spulling manifest 
pulling 2af3b81862c6:  16% ▕██                ▏ 102 MB/637 MB  4.5 MB/s   1m58spulling manifest 
pulling 2af3b81862c6:  16% ▕██                ▏ 103 MB/637 MB  4.5 MB/s   1m58spulling manifest 
pulling 2af3b81862c6:  16% ▕██                ▏ 103 MB/637 MB  4.5 MB/s   1m58spulling manifest 
pulling 2af3b81862c6:  16% ▕██                ▏ 104 MB/637 MB  4.5 MB/s   1m57spulling manifest 
pulling 2af3b81862c6:  16% ▕██                ▏ 104 MB/637 MB  4.5 MB/s   1m57spulling manifest 
pulling 2af3b81862c6:  17% ▕██                ▏ 105 MB/637 MB  4.5 MB/s   1m57spulling manifest 
pulling 2af3b81862c6:  17% ▕██                ▏ 105 MB/637 MB  4.5 MB/s   1m58spulling manifest 
pulling 2af3b81862c6:  17% ▕██                ▏ 106 MB/637 MB  4.5 MB/s   1m58spulling manifest 
pulling 2af3b81862c6:  17% ▕███               ▏ 106 MB/637 MB  4.5 MB/s   1m58spulling manifest 
pulling 2af3b81862c6:  17% ▕███               ▏ 107 MB/637 MB  4.5 MB/s   1m58spulling manifest 
pulling 2af3b81862c6:  17% ▕███               ▏ 107 MB/637 MB  4.5 MB/s   1m58spulling manifest 
pulling 2af3b81862c6:  17% ▕███               ▏ 108 MB/637 MB  4.5 MB/s   1m58spulling manifest 
pulling 2af3b81862c6:  17% ▕███               ▏ 108 MB/637 MB  4.5 MB/s   1m58spulling manifest 
pulling 2af3b81862c6:  17% ▕███               ▏ 109 MB/637 MB  4.5 MB/s   1m58spulling manifest 
pulling 2af3b81862c6:  17% ▕███               ▏ 109 MB/637 MB  4.5 MB/s   1m57spulling manifest 
pulling 2af3b81862c6:  17% ▕███               ▏ 110 MB/637 MB  4.5 MB/s   1m57spulling manifest 
pulling 2af3b81862c6:  17% ▕███               ▏ 110 MB/637 MB  4.5 MB/s   1m57spulling manifest 
pulling 2af3b81862c6:  17% ▕███               ▏ 111 MB/637 MB  4.5 MB/s   1m57spulling manifest 
pulling 2af3b81862c6:  17% ▕███               ▏ 111 MB/637 MB  4.5 MB/s   1m57spulling manifest 
pulling 2af3b81862c6:  18% ▕███               ▏ 112 MB/637 MB  4.5 MB/s   1m57spulling manifest 
pulling 2af3b81862c6:  18% ▕███               ▏ 112 MB/637 MB  4.5 MB/s   1m56spulling manifest 
pulling 2af3b81862c6:  18% ▕███               ▏ 112 MB/637 MB  4.5 MB/s   1m56spulling manifest 
pulling 2af3b81862c6:  18% ▕███               ▏ 113 MB/637 MB  4.5 MB/s   1m56spulling manifest 
pulling 2af3b81862c6:  18% ▕███               ▏ 114 MB/637 MB  4.5 MB/s   1m56spulling manifest 
pulling 2af3b81862c6:  18% ▕███               ▏ 114 MB/637 MB  4.5 MB/s   1m56spulling manifest 
pulling 2af3b81862c6:  18% ▕███               ▏ 115 MB/637 MB  4.5 MB/s   1m56spulling manifest 
pulling 2af3b81862c6:  18% ▕███               ▏ 116 MB/637 MB  4.4 MB/s   1m57spulling manifest 
pulling 2af3b81862c6:  18% ▕███               ▏ 116 MB/637 MB  4.4 MB/s   1m57spulling manifest 
pulling 2af3b81862c6:  18% ▕███               ▏ 117 MB/637 MB  4.4 MB/s   1m57spulling manifest 
pulling 2af3b81862c6:  18% ▕███               ▏ 117 MB/637 MB  4.4 MB/s   1m57spulling manifest 
pulling 2af3b81862c6:  19% ▕███               ▏ 118 MB/637 MB  4.4 MB/s   1m56spulling manifest 
pulling 2af3b81862c6:  19% ▕███               ▏ 118 MB/637 MB  4.4 MB/s   1m56spulling manifest 
pulling 2af3b81862c6:  19% ▕███               ▏ 119 MB/637 MB  4.4 MB/s   1m56spulling manifest 
pulling 2af3b81862c6:  19% ▕███               ▏ 120 MB/637 MB  4.4 MB/s   1m56spulling manifest 
pulling 2af3b81862c6:  19% ▕███               ▏ 120 MB/637 MB  4.4 MB/s   1m56spulling manifest 
pulling 2af3b81862c6:  19% ▕███               ▏ 121 MB/637 MB  4.4 MB/s   1m56spulling manifest 
pulling 2af3b81862c6:  19% ▕███               ▏ 121 MB/637 MB  4.4 MB/s   1m56spulling manifest 
pulling 2af3b81862c6:  19% ▕███               ▏ 122 MB/637 MB  4.5 MB/s   1m53spulling manifest 
pulling 2af3b81862c6:  19% ▕███               ▏ 122 MB/637 MB  4.5 MB/s   1m53spulling manifest 
pulling 2af3b81862c6:  19% ▕███               ▏ 123 MB/637 MB  4.5 MB/s   1m53spulling manifest 
pulling 2af3b81862c6:  19% ▕███               ▏ 123 MB/637 MB  4.5 MB/s   1m53spulling manifest 
pulling 2af3b81862c6:  20% ▕███               ▏ 124 MB/637 MB  4.5 MB/s   1m53spulling manifest 
pulling 2af3b81862c6:  20% ▕███               ▏ 124 MB/637 MB  4.5 MB/s   1m52spulling manifest 
pulling 2af3b81862c6:  20% ▕███               ▏ 125 MB/637 MB  4.5 MB/s   1m52spulling manifest 
pulling 2af3b81862c6:  20% ▕███               ▏ 125 MB/637 MB  4.5 MB/s   1m52spulling manifest 
pulling 2af3b81862c6:  20% ▕███               ▏ 126 MB/637 MB  4.5 MB/s   1m52spulling manifest 
pulling 2af3b81862c6:  20% ▕███               ▏ 126 MB/637 MB  4.5 MB/s   1m52spulling manifest 
pulling 2af3b81862c6:  20% ▕███               ▏ 127 MB/637 MB  4.7 MB/s   1m48spulling manifest 
pulling 2af3b81862c6:  20% ▕███               ▏ 127 MB/637 MB  4.7 MB/s   1m48spulling manifest 
pulling 2af3b81862c6:  20% ▕███               ▏ 128 MB/637 MB  4.7 MB/s   1m48spulling manifest 
pulling 2af3b81862c6:  20% ▕███               ▏ 129 MB/637 MB  4.7 MB/s   1m48spulling manifest 
pulling 2af3b81862c6:  20% ▕███               ▏ 129 MB/637 MB  4.7 MB/s   1m48spulling manifest 
pulling 2af3b81862c6:  20% ▕███               ▏ 130 MB/637 MB  4.7 MB/s   1m48spulling manifest 
pulling 2af3b81862c6:  21% ▕███               ▏ 130 MB/637 MB  4.7 MB/s   1m48spulling manifest 
pulling 2af3b81862c6:  21% ▕███               ▏ 131 MB/637 MB  4.7 MB/s   1m48spulling manifest 
pulling 2af3b81862c6:  21% ▕███               ▏ 131 MB/637 MB  4.7 MB/s   1m48spulling manifest 
pulling 2af3b81862c6:  21% ▕███               ▏ 132 MB/637 MB  4.7 MB/s   1m47spulling manifest 
pulling 2af3b81862c6:  21% ▕███               ▏ 132 MB/637 MB  5.0 MB/s   1m40spulling manifest 
pulling 2af3b81862c6:  21% ▕███               ▏ 133 MB/637 MB  5.0 MB/s   1m40spulling manifest 
pulling 2af3b81862c6:  21% ▕███               ▏ 133 MB/637 MB  5.0 MB/s   1m40spulling manifest 
pulling 2af3b81862c6:  21% ▕███               ▏ 134 MB/637 MB  5.0 MB/s   1m39spulling manifest 
pulling 2af3b81862c6:  21% ▕███               ▏ 134 MB/637 MB  5.0 MB/s   1m39spulling manifest 
pulling 2af3b81862c6:  21% ▕███               ▏ 135 MB/637 MB  5.0 MB/s   1m39spulling manifest 
pulling 2af3b81862c6:  21% ▕███               ▏ 135 MB/637 MB  5.0 MB/s   1m39spulling manifest 
pulling 2af3b81862c6:  21% ▕███               ▏ 136 MB/637 MB  5.0 MB/s   1m39spulling manifest 
pulling 2af3b81862c6:  21% ▕███               ▏ 136 MB/637 MB  5.0 MB/s   1m39spulling manifest 
pulling 2af3b81862c6:  22% ▕███               ▏ 137 MB/637 MB  5.0 MB/s   1m39spulling manifest 
pulling 2af3b81862c6:  22% ▕███               ▏ 137 MB/637 MB  5.2 MB/s   1m36spulling manifest 
pulling 2af3b81862c6:  22% ▕███               ▏ 138 MB/637 MB  5.2 MB/s   1m36spulling manifest 
pulling 2af3b81862c6:  22% ▕███               ▏ 138 MB/637 MB  5.2 MB/s   1m36spulling manifest 
pulling 2af3b81862c6:  22% ▕███               ▏ 139 MB/637 MB  5.2 MB/s   1m36spulling manifest 
pulling 2af3b81862c6:  22% ▕███               ▏ 140 MB/637 MB  5.2 MB/s   1m36spulling manifest 
pulling 2af3b81862c6:  22% ▕███               ▏ 140 MB/637 MB  5.2 MB/s   1m36spulling manifest 
pulling 2af3b81862c6:  22% ▕███               ▏ 141 MB/637 MB  5.2 MB/s   1m36spulling manifest 
pulling 2af3b81862c6:  22% ▕████              ▏ 141 MB/637 MB  5.2 MB/s   1m36spulling manifest 
pulling 2af3b81862c6:  22% ▕████              ▏ 142 MB/637 MB  5.2 MB/s   1m35spulling manifest 
pulling 2af3b81862c6:  22% ▕████              ▏ 142 MB/637 MB  5.2 MB/s   1m35spulling manifest 
pulling 2af3b81862c6:  22% ▕████              ▏ 143 MB/637 MB  5.3 MB/s   1m32spulling manifest 
pulling 2af3b81862c6:  23% ▕████              ▏ 143 MB/637 MB  5.3 MB/s   1m32spulling manifest 
pulling 2af3b81862c6:  23% ▕████              ▏ 144 MB/637 MB  5.3 MB/s   1m32spulling manifest 
pulling 2af3b81862c6:  23% ▕████              ▏ 145 MB/637 MB  5.3 MB/s   1m32spulling manifest 
pulling 2af3b81862c6:  23% ▕████              ▏ 145 MB/637 MB  5.3 MB/s   1m32spulling manifest 
pulling 2af3b81862c6:  23% ▕████              ▏ 146 MB/637 MB  5.3 MB/s   1m32spulling manifest 
pulling 2af3b81862c6:  23% ▕████              ▏ 146 MB/637 MB  5.3 MB/s   1m32spulling manifest 
pulling 2af3b81862c6:  23% ▕████              ▏ 146 MB/637 MB  5.3 MB/s   1m32spulling manifest 
pulling 2af3b81862c6:  23% ▕████              ▏ 147 MB/637 MB  5.3 MB/s   1m32spulling manifest 
pulling 2af3b81862c6:  23% ▕████              ▏ 147 MB/637 MB  5.3 MB/s   1m32spulling manifest 
pulling 2af3b81862c6:  23% ▕████              ▏ 148 MB/637 MB  5.3 MB/s   1m32spulling manifest 
pulling 2af3b81862c6:  23% ▕████              ▏ 148 MB/637 MB  5.3 MB/s   1m32spulling manifest 
pulling 2af3b81862c6:  23% ▕████              ▏ 149 MB/637 MB  5.3 MB/s   1m32spulling manifest 
pulling 2af3b81862c6:  23% ▕████              ▏ 149 MB/637 MB  5.3 MB/s   1m32spulling manifest 
pulling 2af3b81862c6:  24% ▕████              ▏ 150 MB/637 MB  5.3 MB/s   1m32spulling manifest 
pulling 2af3b81862c6:  24% ▕████              ▏ 150 MB/637 MB  5.3 MB/s   1m32spulling manifest 
pulling 2af3b81862c6:  24% ▕████              ▏ 151 MB/637 MB  5.3 MB/s   1m32spulling manifest 
pulling 2af3b81862c6:  24% ▕████              ▏ 151 MB/637 MB  5.3 MB/s   1m31spulling manifest 
pulling 2af3b81862c6:  24% ▕████              ▏ 152 MB/637 MB  5.3 MB/s   1m31spulling manifest 
pulling 2af3b81862c6:  24% ▕████              ▏ 152 MB/637 MB  5.3 MB/s   1m31spulling manifest 
pulling 2af3b81862c6:  24% ▕████              ▏ 153 MB/637 MB  5.3 MB/s   1m31spulling manifest 
pulling 2af3b81862c6:  24% ▕████              ▏ 153 MB/637 MB  5.3 MB/s   1m30spulling manifest 
pulling 2af3b81862c6:  24% ▕████              ▏ 154 MB/637 MB  5.3 MB/s   1m30spulling manifest 
pulling 2af3b81862c6:  24% ▕████              ▏ 154 MB/637 MB  5.3 MB/s   1m30spulling manifest 
pulling 2af3b81862c6:  24% ▕████              ▏ 155 MB/637 MB  5.3 MB/s   1m30spulling manifest 
pulling 2af3b81862c6:  24% ▕████              ▏ 155 MB/637 MB  5.3 MB/s   1m30spulling manifest 
pulling 2af3b81862c6:  25% ▕████              ▏ 156 MB/637 MB  5.3 MB/s   1m30spulling manifest 
pulling 2af3b81862c6:  25% ▕████              ▏ 157 MB/637 MB  5.3 MB/s   1m29spulling manifest 
pulling 2af3b81862c6:  25% ▕████              ▏ 157 MB/637 MB  5.3 MB/s   1m29spulling manifest 
pulling 2af3b81862c6:  25% ▕████              ▏ 158 MB/637 MB  5.3 MB/s   1m29spulling manifest 
pulling 2af3b81862c6:  25% ▕████              ▏ 158 MB/637 MB  5.3 MB/s   1m29spulling manifest 
pulling 2af3b81862c6:  25% ▕████              ▏ 159 MB/637 MB  5.4 MB/s   1m28spulling manifest 
pulling 2af3b81862c6:  25% ▕████              ▏ 159 MB/637 MB  5.4 MB/s   1m28spulling manifest 
pulling 2af3b81862c6:  25% ▕████              ▏ 160 MB/637 MB  5.4 MB/s   1m28spulling manifest 
pulling 2af3b81862c6:  25% ▕████              ▏ 160 MB/637 MB  5.4 MB/s   1m28spulling manifest 
pulling 2af3b81862c6:  25% ▕████              ▏ 161 MB/637 MB  5.4 MB/s   1m28spulling manifest 
pulling 2af3b81862c6:  25% ▕████              ▏ 162 MB/637 MB  5.4 MB/s   1m28spulling manifest 
pulling 2af3b81862c6:  25% ▕████              ▏ 162 MB/637 MB  5.4 MB/s   1m28spulling manifest 
pulling 2af3b81862c6:  26% ▕████              ▏ 163 MB/637 MB  5.4 MB/s   1m28spulling manifest 
pulling 2af3b81862c6:  26% ▕████              ▏ 163 MB/637 MB  5.4 MB/s   1m28spulling manifest 
pulling 2af3b81862c6:  26% ▕████              ▏ 163 MB/637 MB  5.4 MB/s   1m28spulling manifest 
pulling 2af3b81862c6:  26% ▕████              ▏ 164 MB/637 MB  5.4 MB/s   1m28spulling manifest 
pulling 2af3b81862c6:  26% ▕████              ▏ 165 MB/637 MB  5.4 MB/s   1m27spulling manifest 
pulling 2af3b81862c6:  26% ▕████              ▏ 165 MB/637 MB  5.4 MB/s   1m27spulling manifest 
pulling 2af3b81862c6:  26% ▕████              ▏ 165 MB/637 MB  5.4 MB/s   1m27spulling manifest 
pulling 2af3b81862c6:  26% ▕████              ▏ 166 MB/637 MB  5.4 MB/s   1m27spulling manifest 
pulling 2af3b81862c6:  26% ▕████              ▏ 166 MB/637 MB  5.4 MB/s   1m27spulling manifest 
pulling 2af3b81862c6:  26% ▕████              ▏ 167 MB/637 MB  5.4 MB/s   1m27spulling manifest 
pulling 2af3b81862c6:  26% ▕████              ▏ 168 MB/637 MB  5.4 MB/s   1m27spulling manifest 
pulling 2af3b81862c6:  26% ▕████              ▏ 168 MB/637 MB  5.4 MB/s   1m27spulling manifest 
pulling 2af3b81862c6:  27% ▕████              ▏ 169 MB/637 MB  5.4 MB/s   1m27spulling manifest 
pulling 2af3b81862c6:  27% ▕████              ▏ 169 MB/637 MB  5.3 MB/s   1m28spulling manifest 
pulling 2af3b81862c6:  27% ▕████              ▏ 170 MB/637 MB  5.3 MB/s   1m28spulling manifest 
pulling 2af3b81862c6:  27% ▕████              ▏ 170 MB/637 MB  5.3 MB/s   1m27spulling manifest 
pulling 2af3b81862c6:  27% ▕████              ▏ 171 MB/637 MB  5.3 MB/s   1m27spulling manifest 
pulling 2af3b81862c6:  27% ▕████              ▏ 171 MB/637 MB  5.3 MB/s   1m27spulling manifest 
pulling 2af3b81862c6:  27% ▕████              ▏ 172 MB/637 MB  5.3 MB/s   1m27spulling manifest 
pulling 2af3b81862c6:  27% ▕████              ▏ 173 MB/637 MB  5.3 MB/s   1m27spulling manifest 
pulling 2af3b81862c6:  27% ▕████              ▏ 173 MB/637 MB  5.3 MB/s   1m27spulling manifest 
pulling 2af3b81862c6:  27% ▕████              ▏ 174 MB/637 MB  5.3 MB/s   1m27spulling manifest 
pulling 2af3b81862c6:  27% ▕████              ▏ 174 MB/637 MB  5.3 MB/s   1m27spulling manifest 
pulling 2af3b81862c6:  27% ▕████              ▏ 175 MB/637 MB  5.3 MB/s   1m27spulling manifest 
pulling 2af3b81862c6:  28% ▕████              ▏ 175 MB/637 MB  5.4 MB/s   1m26spulling manifest 
pulling 2af3b81862c6:  28% ▕████              ▏ 176 MB/637 MB  5.4 MB/s   1m26spulling manifest 
pulling 2af3b81862c6:  28% ▕████              ▏ 176 MB/637 MB  5.4 MB/s   1m25spulling manifest 
pulling 2af3b81862c6:  28% ▕█████             ▏ 177 MB/637 MB  5.4 MB/s   1m25spulling manifest 
pulling 2af3b81862c6:  28% ▕█████             ▏ 178 MB/637 MB  5.4 MB/s   1m25spulling manifest 
pulling 2af3b81862c6:  28% ▕█████             ▏ 178 MB/637 MB  5.4 MB/s   1m25spulling manifest 
pulling 2af3b81862c6:  28% ▕█████             ▏ 179 MB/637 MB  5.4 MB/s   1m25spulling manifest 
pulling 2af3b81862c6:  28% ▕█████             ▏ 179 MB/637 MB  5.4 MB/s   1m25spulling manifest 
pulling 2af3b81862c6:  28% ▕█████             ▏ 180 MB/637 MB  5.4 MB/s   1m25spulling manifest 
pulling 2af3b81862c6:  28% ▕█████             ▏ 180 MB/637 MB  5.4 MB/s   1m25spulling manifest 
pulling 2af3b81862c6:  28% ▕█████             ▏ 181 MB/637 MB  5.4 MB/s   1m24spulling manifest 
pulling 2af3b81862c6:  29% ▕█████             ▏ 181 MB/637 MB  5.4 MB/s   1m24spulling manifest 
pulling 2af3b81862c6:  29% ▕█████             ▏ 182 MB/637 MB  5.4 MB/s   1m24spulling manifest 
pulling 2af3b81862c6:  29% ▕█████             ▏ 183 MB/637 MB  5.4 MB/s   1m24spulling manifest 
pulling 2af3b81862c6:  29% ▕█████             ▏ 183 MB/637 MB  5.4 MB/s   1m24spulling manifest 
pulling 2af3b81862c6:  29% ▕█████             ▏ 184 MB/637 MB  5.4 MB/s   1m24spulling manifest 
pulling 2af3b81862c6:  29% ▕█████             ▏ 184 MB/637 MB  5.4 MB/s   1m23spulling manifest 
pulling 2af3b81862c6:  29% ▕█████             ▏ 185 MB/637 MB  5.4 MB/s   1m23spulling manifest 
pulling 2af3b81862c6:  29% ▕█████             ▏ 185 MB/637 MB  5.4 MB/s   1m23spulling manifest 
pulling 2af3b81862c6:  29% ▕█████             ▏ 186 MB/637 MB  5.4 MB/s   1m23spulling manifest 
pulling 2af3b81862c6:  29% ▕█████             ▏ 186 MB/637 MB  5.4 MB/s   1m22spulling manifest 
pulling 2af3b81862c6:  29% ▕█████             ▏ 187 MB/637 MB  5.4 MB/s   1m22spulling manifest 
pulling 2af3b81862c6:  30% ▕█████             ▏ 188 MB/637 MB  5.4 MB/s   1m22spulling manifest 
pulling 2af3b81862c6:  30% ▕█████             ▏ 188 MB/637 MB  5.4 MB/s   1m22spulling manifest 
pulling 2af3b81862c6:  30% ▕█████             ▏ 189 MB/637 MB  5.4 MB/s   1m22spulling manifest 
pulling 2af3b81862c6:  30% ▕█████             ▏ 189 MB/637 MB  5.4 MB/s   1m22spulling manifest 
pulling 2af3b81862c6:  30% ▕█████             ▏ 190 MB/637 MB  5.4 MB/s   1m22spulling manifest 
pulling 2af3b81862c6:  30% ▕█████             ▏ 190 MB/637 MB  5.4 MB/s   1m22spulling manifest 
pulling 2af3b81862c6:  30% ▕█████             ▏ 191 MB/637 MB  5.4 MB/s   1m21spulling manifest 
pulling 2af3b81862c6:  30% ▕█████             ▏ 191 MB/637 MB  5.4 MB/s   1m21spulling manifest 
pulling 2af3b81862c6:  30% ▕█████             ▏ 192 MB/637 MB  5.4 MB/s   1m22spulling manifest 
pulling 2af3b81862c6:  30% ▕█████             ▏ 192 MB/637 MB  5.4 MB/s   1m22spulling manifest 
pulling 2af3b81862c6:  30% ▕█████             ▏ 192 MB/637 MB  5.4 MB/s   1m22spulling manifest 
pulling 2af3b81862c6:  30% ▕█████             ▏ 193 MB/637 MB  5.4 MB/s   1m22spulling manifest 
pulling 2af3b81862c6:  30% ▕█████             ▏ 194 MB/637 MB  5.4 MB/s   1m22spulling manifest 
pulling 2af3b81862c6:  30% ▕█████             ▏ 194 MB/637 MB  5.4 MB/s   1m21spulling manifest 
pulling 2af3b81862c6:  31% ▕█████             ▏ 194 MB/637 MB  5.4 MB/s   1m21spulling manifest 
pulling 2af3b81862c6:  31% ▕█████             ▏ 195 MB/637 MB  5.4 MB/s   1m21spulling manifest 
pulling 2af3b81862c6:  31% ▕█████             ▏ 195 MB/637 MB  5.4 MB/s   1m21spulling manifest 
pulling 2af3b81862c6:  31% ▕█████             ▏ 196 MB/637 MB  5.4 MB/s   1m21spulling manifest 
pulling 2af3b81862c6:  31% ▕█████             ▏ 197 MB/637 MB  5.4 MB/s   1m21spulling manifest 
pulling 2af3b81862c6:  31% ▕█████             ▏ 197 MB/637 MB  5.4 MB/s   1m21spulling manifest 
pulling 2af3b81862c6:  31% ▕█████             ▏ 198 MB/637 MB  5.4 MB/s   1m20spulling manifest 
pulling 2af3b81862c6:  31% ▕█████             ▏ 198 MB/637 MB  5.4 MB/s   1m20spulling manifest 
pulling 2af3b81862c6:  31% ▕█████             ▏ 199 MB/637 MB  5.4 MB/s   1m20spulling manifest 
pulling 2af3b81862c6:  31% ▕█████             ▏ 199 MB/637 MB  5.4 MB/s   1m20spulling manifest 
pulling 2af3b81862c6:  31% ▕█████             ▏ 200 MB/637 MB  5.4 MB/s   1m20spulling manifest 
pulling 2af3b81862c6:  31% ▕█████             ▏ 200 MB/637 MB  5.4 MB/s   1m20spulling manifest 
pulling 2af3b81862c6:  32% ▕█████             ▏ 201 MB/637 MB  5.4 MB/s   1m20spulling manifest 
pulling 2af3b81862c6:  32% ▕█████             ▏ 201 MB/637 MB  5.4 MB/s   1m20spulling manifest 
pulling 2af3b81862c6:  32% ▕█████             ▏ 202 MB/637 MB  5.4 MB/s   1m20spulling manifest 
pulling 2af3b81862c6:  32% ▕█████             ▏ 202 MB/637 MB  5.4 MB/s   1m20spulling manifest 
pulling 2af3b81862c6:  32% ▕█████             ▏ 203 MB/637 MB  5.4 MB/s   1m20spulling manifest 
pulling 2af3b81862c6:  32% ▕█████             ▏ 203 MB/637 MB  5.4 MB/s   1m20spulling manifest 
pulling 2af3b81862c6:  32% ▕█████             ▏ 204 MB/637 MB  5.4 MB/s   1m20spulling manifest 
pulling 2af3b81862c6:  32% ▕█████             ▏ 204 MB/637 MB  5.4 MB/s   1m20spulling manifest 
pulling 2af3b81862c6:  32% ▕█████             ▏ 205 MB/637 MB  5.4 MB/s   1m20spulling manifest 
pulling 2af3b81862c6:  32% ▕█████             ▏ 205 MB/637 MB  5.4 MB/s   1m19spulling manifest 
pulling 2af3b81862c6:  32% ▕█████             ▏ 206 MB/637 MB  5.4 MB/s   1m19spulling manifest 
pulling 2af3b81862c6:  32% ▕█████             ▏ 206 MB/637 MB  5.4 MB/s   1m19spulling manifest 
pulling 2af3b81862c6:  32% ▕█████             ▏ 206 MB/637 MB  5.4 MB/s   1m19spulling manifest 
pulling 2af3b81862c6:  32% ▕█████             ▏ 207 MB/637 MB  5.3 MB/s   1m21spulling manifest 
pulling 2af3b81862c6:  33% ▕█████             ▏ 207 MB/637 MB  5.3 MB/s   1m21spulling manifest 
pulling 2af3b81862c6:  33% ▕█████             ▏ 207 MB/637 MB  5.3 MB/s   1m21spulling manifest 
pulling 2af3b81862c6:  33% ▕█████             ▏ 208 MB/637 MB  5.3 MB/s   1m21spulling manifest 
pulling 2af3b81862c6:  33% ▕█████             ▏ 208 MB/637 MB  5.3 MB/s   1m20spulling manifest 
pulling 2af3b81862c6:  33% ▕█████             ▏ 209 MB/637 MB  5.3 MB/s   1m20spulling manifest 
pulling 2af3b81862c6:  33% ▕█████             ▏ 209 MB/637 MB  5.3 MB/s   1m20spulling manifest 
pulling 2af3b81862c6:  33% ▕█████             ▏ 210 MB/637 MB  5.3 MB/s   1m20spulling manifest 
pulling 2af3b81862c6:  33% ▕█████             ▏ 210 MB/637 MB  5.3 MB/s   1m20spulling manifest 
pulling 2af3b81862c6:  33% ▕█████             ▏ 211 MB/637 MB  5.3 MB/s   1m20spulling manifest 
pulling 2af3b81862c6:  33% ▕█████             ▏ 211 MB/637 MB  5.3 MB/s   1m20spulling manifest 
pulling 2af3b81862c6:  33% ▕█████             ▏ 212 MB/637 MB  5.3 MB/s   1m20spulling manifest 
pulling 2af3b81862c6:  33% ▕██████            ▏ 212 MB/637 MB  5.3 MB/s   1m20spulling manifest 
pulling 2af3b81862c6:  33% ▕██████            ▏ 213 MB/637 MB  5.3 MB/s   1m20spulling manifest 
pulling 2af3b81862c6:  33% ▕██████            ▏ 213 MB/637 MB  5.3 MB/s   1m20spulling manifest 
pulling 2af3b81862c6:  33% ▕██████            ▏ 213 MB/637 MB  5.3 MB/s   1m20spulling manifest 
pulling 2af3b81862c6:  34% ▕██████            ▏ 213 MB/637 MB  5.3 MB/s   1m20spulling manifest 
pulling 2af3b81862c6:  34% ▕██████            ▏ 213 MB/637 MB  5.3 MB/s   1m20spulling manifest 
pulling 2af3b81862c6:  34% ▕██████            ▏ 214 MB/637 MB  5.3 MB/s   1m20spulling manifest 
pulling 2af3b81862c6:  34% ▕██████            ▏ 214 MB/637 MB  5.3 MB/s   1m20spulling manifest 
pulling 2af3b81862c6:  34% ▕██████            ▏ 215 MB/637 MB  5.0 MB/s   1m23spulling manifest 
pulling 2af3b81862c6:  34% ▕██████            ▏ 215 MB/637 MB  5.0 MB/s   1m23spulling manifest 
pulling 2af3b81862c6:  34% ▕██████            ▏ 216 MB/637 MB  5.0 MB/s   1m23spulling manifest 
pulling 2af3b81862c6:  34% ▕██████            ▏ 216 MB/637 MB  5.0 MB/s   1m23spulling manifest 
pulling 2af3b81862c6:  34% ▕██████            ▏ 217 MB/637 MB  5.0 MB/s   1m23spulling manifest 
pulling 2af3b81862c6:  34% ▕██████            ▏ 217 MB/637 MB  5.0 MB/s   1m23spulling manifest 
pulling 2af3b81862c6:  34% ▕██████            ▏ 218 MB/637 MB  5.0 MB/s   1m23spulling manifest 
pulling 2af3b81862c6:  34% ▕██████            ▏ 218 MB/637 MB  5.0 MB/s   1m23spulling manifest 
pulling 2af3b81862c6:  34% ▕██████            ▏ 219 MB/637 MB  5.0 MB/s   1m23spulling manifest 
pulling 2af3b81862c6:  34% ▕██████            ▏ 219 MB/637 MB  5.0 MB/s   1m22spulling manifest 
pulling 2af3b81862c6:  35% ▕██████            ▏ 220 MB/637 MB  5.0 MB/s   1m23spulling manifest 
pulling 2af3b81862c6:  35% ▕██████            ▏ 220 MB/637 MB  5.0 MB/s   1m23spulling manifest 
pulling 2af3b81862c6:  35% ▕██████            ▏ 221 MB/637 MB  5.0 MB/s   1m23spulling manifest 
pulling 2af3b81862c6:  35% ▕██████            ▏ 221 MB/637 MB  5.0 MB/s   1m23spulling manifest 
pulling 2af3b81862c6:  35% ▕██████            ▏ 221 MB/637 MB  5.0 MB/s   1m23spulling manifest 
pulling 2af3b81862c6:  35% ▕██████            ▏ 222 MB/637 MB  5.0 MB/s   1m23spulling manifest 
pulling 2af3b81862c6:  35% ▕██████            ▏ 222 MB/637 MB  5.0 MB/s   1m23spulling manifest 
pulling 2af3b81862c6:  35% ▕██████            ▏ 222 MB/637 MB  5.0 MB/s   1m23spulling manifest 
pulling 2af3b81862c6:  35% ▕██████            ▏ 223 MB/637 MB  5.0 MB/s   1m23spulling manifest 
pulling 2af3b81862c6:  35% ▕██████            ▏ 224 MB/637 MB  5.0 MB/s   1m22spulling manifest 
pulling 2af3b81862c6:  35% ▕██████            ▏ 225 MB/637 MB  4.9 MB/s   1m24spulling manifest 
pulling 2af3b81862c6:  35% ▕██████            ▏ 225 MB/637 MB  4.9 MB/s   1m24spulling manifest 
pulling 2af3b81862c6:  35% ▕██████            ▏ 226 MB/637 MB  4.9 MB/s   1m24spulling manifest 
pulling 2af3b81862c6:  36% ▕██████            ▏ 226 MB/637 MB  4.9 MB/s   1m24spulling manifest 
pulling 2af3b81862c6:  36% ▕██████            ▏ 227 MB/637 MB  4.9 MB/s   1m24spulling manifest 
pulling 2af3b81862c6:  36% ▕██████            ▏ 227 MB/637 MB  4.9 MB/s   1m24spulling manifest 
pulling 2af3b81862c6:  36% ▕██████            ▏ 228 MB/637 MB  4.9 MB/s   1m24spulling manifest 
pulling 2af3b81862c6:  36% ▕██████            ▏ 228 MB/637 MB  4.9 MB/s   1m24spulling manifest 
pulling 2af3b81862c6:  36% ▕██████            ▏ 228 MB/637 MB  4.9 MB/s   1m24spulling manifest 
pulling 2af3b81862c6:  36% ▕██████            ▏ 229 MB/637 MB  4.9 MB/s   1m24spulling manifest 
pulling 2af3b81862c6:  36% ▕██████            ▏ 230 MB/637 MB  4.9 MB/s   1m23spulling manifest 
pulling 2af3b81862c6:  36% ▕██████            ▏ 230 MB/637 MB  4.8 MB/s   1m24spulling manifest 
pulling 2af3b81862c6:  36% ▕██████            ▏ 231 MB/637 MB  4.8 MB/s   1m23spulling manifest 
pulling 2af3b81862c6:  36% ▕██████            ▏ 231 MB/637 MB  4.8 MB/s   1m23spulling manifest 
pulling 2af3b81862c6:  36% ▕██████            ▏ 232 MB/637 MB  4.8 MB/s   1m23spulling manifest 
pulling 2af3b81862c6:  36% ▕██████            ▏ 232 MB/637 MB  4.8 MB/s   1m23spulling manifest 
pulling 2af3b81862c6:  37% ▕██████            ▏ 233 MB/637 MB  4.8 MB/s   1m23spulling manifest 
pulling 2af3b81862c6:  37% ▕██████            ▏ 233 MB/637 MB  4.8 MB/s   1m23spulling manifest 
pulling 2af3b81862c6:  37% ▕██████            ▏ 234 MB/637 MB  4.8 MB/s   1m23spulling manifest 
pulling 2af3b81862c6:  37% ▕██████            ▏ 234 MB/637 MB  4.8 MB/s   1m23spulling manifest 
pulling 2af3b81862c6:  37% ▕██████            ▏ 234 MB/637 MB  4.8 MB/s   1m23spulling manifest 
pulling 2af3b81862c6:  37% ▕██████            ▏ 235 MB/637 MB  4.8 MB/s   1m23spulling manifest 
pulling 2af3b81862c6:  37% ▕██████            ▏ 236 MB/637 MB  4.9 MB/s   1m22spulling manifest 
pulling 2af3b81862c6:  37% ▕██████            ▏ 236 MB/637 MB  4.9 MB/s   1m22spulling manifest 
pulling 2af3b81862c6:  37% ▕██████            ▏ 236 MB/637 MB  4.9 MB/s   1m22spulling manifest 
pulling 2af3b81862c6:  37% ▕██████            ▏ 237 MB/637 MB  4.9 MB/s   1m22spulling manifest 
pulling 2af3b81862c6:  37% ▕██████            ▏ 237 MB/637 MB  4.9 MB/s   1m22spulling manifest 
pulling 2af3b81862c6:  37% ▕██████            ▏ 238 MB/637 MB  4.9 MB/s   1m22spulling manifest 
pulling 2af3b81862c6:  37% ▕██████            ▏ 238 MB/637 MB  4.9 MB/s   1m22spulling manifest 
pulling 2af3b81862c6:  37% ▕██████            ▏ 238 MB/637 MB  4.9 MB/s   1m21spulling manifest 
pulling 2af3b81862c6:  38% ▕██████            ▏ 239 MB/637 MB  4.9 MB/s   1m21spulling manifest 
pulling 2af3b81862c6:  38% ▕██████            ▏ 239 MB/637 MB  4.9 MB/s   1m21spulling manifest 
pulling 2af3b81862c6:  38% ▕██████            ▏ 240 MB/637 MB  4.9 MB/s   1m21spulling manifest 
pulling 2af3b81862c6:  38% ▕██████            ▏ 240 MB/637 MB  4.8 MB/s   1m22spulling manifest 
pulling 2af3b81862c6:  38% ▕██████            ▏ 241 MB/637 MB  4.8 MB/s   1m22spulling manifest 
pulling 2af3b81862c6:  38% ▕██████            ▏ 241 MB/637 MB  4.8 MB/s   1m22spulling manifest 
pulling 2af3b81862c6:  38% ▕██████            ▏ 242 MB/637 MB  4.8 MB/s   1m21spulling manifest 
pulling 2af3b81862c6:  38% ▕██████            ▏ 242 MB/637 MB  4.8 MB/s   1m21spulling manifest 
pulling 2af3b81862c6:  38% ▕██████            ▏ 243 MB/637 MB  4.8 MB/s   1m21spulling manifest 
pulling 2af3b81862c6:  38% ▕██████            ▏ 243 MB/637 MB  4.8 MB/s   1m21spulling manifest 
pulling 2af3b81862c6:  38% ▕██████            ▏ 244 MB/637 MB  4.8 MB/s   1m21spulling manifest 
pulling 2af3b81862c6:  38% ▕██████            ▏ 244 MB/637 MB  4.8 MB/s   1m21spulling manifest 
pulling 2af3b81862c6:  39% ▕██████            ▏ 245 MB/637 MB  4.8 MB/s   1m21spulling manifest 
pulling 2af3b81862c6:  39% ▕██████            ▏ 246 MB/637 MB  4.9 MB/s   1m20spulling manifest 
pulling 2af3b81862c6:  39% ▕██████            ▏ 246 MB/637 MB  4.9 MB/s   1m20spulling manifest 
pulling 2af3b81862c6:  39% ▕██████            ▏ 247 MB/637 MB  4.9 MB/s   1m20spulling manifest 
pulling 2af3b81862c6:  39% ▕██████            ▏ 247 MB/637 MB  4.9 MB/s   1m20spulling manifest 
pulling 2af3b81862c6:  39% ▕███████           ▏ 248 MB/637 MB  4.9 MB/s   1m20spulling manifest 
pulling 2af3b81862c6:  39% ▕███████           ▏ 249 MB/637 MB  4.9 MB/s   1m20spulling manifest 
pulling 2af3b81862c6:  39% ▕███████           ▏ 249 MB/637 MB  4.9 MB/s   1m19spulling manifest 
pulling 2af3b81862c6:  39% ▕███████           ▏ 250 MB/637 MB  4.9 MB/s   1m19spulling manifest 
pulling 2af3b81862c6:  39% ▕███████           ▏ 250 MB/637 MB  4.9 MB/s   1m19spulling manifest 
pulling 2af3b81862c6:  39% ▕███████           ▏ 250 MB/637 MB  4.9 MB/s   1m19spulling manifest 
pulling 2af3b81862c6:  39% ▕███████           ▏ 251 MB/637 MB  4.9 MB/s   1m18spulling manifest 
pulling 2af3b81862c6:  39% ▕███████           ▏ 251 MB/637 MB  4.9 MB/s   1m18spulling manifest 
pulling 2af3b81862c6:  40% ▕███████           ▏ 252 MB/637 MB  4.9 MB/s   1m18spulling manifest 
pulling 2af3b81862c6:  40% ▕███████           ▏ 252 MB/637 MB  4.9 MB/s   1m18spulling manifest 
pulling 2af3b81862c6:  40% ▕███████           ▏ 253 MB/637 MB  4.9 MB/s   1m18spulling manifest 
pulling 2af3b81862c6:  40% ▕███████           ▏ 253 MB/637 MB  4.9 MB/s   1m18spulling manifest 
pulling 2af3b81862c6:  40% ▕███████           ▏ 254 MB/637 MB  4.9 MB/s   1m18spulling manifest 
pulling 2af3b81862c6:  40% ▕███████           ▏ 254 MB/637 MB  4.9 MB/s   1m18spulling manifest 
pulling 2af3b81862c6:  40% ▕███████           ▏ 255 MB/637 MB  4.9 MB/s   1m18spulling manifest 
pulling 2af3b81862c6:  40% ▕███████           ▏ 255 MB/637 MB  4.9 MB/s   1m17spulling manifest 
pulling 2af3b81862c6:  40% ▕███████           ▏ 256 MB/637 MB  5.0 MB/s   1m16spulling manifest 
pulling 2af3b81862c6:  40% ▕███████           ▏ 257 MB/637 MB  5.0 MB/s   1m16spulling manifest 
pulling 2af3b81862c6:  40% ▕███████           ▏ 257 MB/637 MB  5.0 MB/s   1m16spulling manifest 
pulling 2af3b81862c6:  41% ▕███████           ▏ 258 MB/637 MB  5.0 MB/s   1m16spulling manifest 
pulling 2af3b81862c6:  41% ▕███████           ▏ 259 MB/637 MB  5.0 MB/s   1m15spulling manifest 
pulling 2af3b81862c6:  41% ▕███████           ▏ 259 MB/637 MB  5.0 MB/s   1m15spulling manifest 
pulling 2af3b81862c6:  41% ▕███████           ▏ 260 MB/637 MB  5.0 MB/s   1m15spulling manifest 
pulling 2af3b81862c6:  41% ▕███████           ▏ 260 MB/637 MB  5.0 MB/s   1m15spulling manifest 
pulling 2af3b81862c6:  41% ▕███████           ▏ 261 MB/637 MB  5.0 MB/s   1m15spulling manifest 
pulling 2af3b81862c6:  41% ▕███████           ▏ 261 MB/637 MB  5.0 MB/s   1m15spulling manifest 
pulling 2af3b81862c6:  41% ▕███████           ▏ 262 MB/637 MB  5.2 MB/s   1m11spulling manifest 
pulling 2af3b81862c6:  41% ▕███████           ▏ 262 MB/637 MB  5.2 MB/s   1m11spulling manifest 
pulling 2af3b81862c6:  41% ▕███████           ▏ 263 MB/637 MB  5.2 MB/s   1m11spulling manifest 
pulling 2af3b81862c6:  41% ▕███████           ▏ 263 MB/637 MB  5.2 MB/s   1m11spulling manifest 
pulling 2af3b81862c6:  41% ▕███████           ▏ 264 MB/637 MB  5.2 MB/s   1m11spulling manifest 
pulling 2af3b81862c6:  42% ▕███████           ▏ 264 MB/637 MB  5.2 MB/s   1m11spulling manifest 
pulling 2af3b81862c6:  42% ▕███████           ▏ 265 MB/637 MB  5.2 MB/s   1m11spulling manifest 
pulling 2af3b81862c6:  42% ▕███████           ▏ 265 MB/637 MB  5.2 MB/s   1m11spulling manifest 
pulling 2af3b81862c6:  42% ▕███████           ▏ 266 MB/637 MB  5.2 MB/s   1m11spulling manifest 
pulling 2af3b81862c6:  42% ▕███████           ▏ 267 MB/637 MB  5.2 MB/s   1m10spulling manifest 
pulling 2af3b81862c6:  42% ▕███████           ▏ 267 MB/637 MB  5.2 MB/s   1m10spulling manifest 
pulling 2af3b81862c6:  42% ▕███████           ▏ 268 MB/637 MB  5.3 MB/s   1m10spulling manifest 
pulling 2af3b81862c6:  42% ▕███████           ▏ 268 MB/637 MB  5.3 MB/s   1m10spulling manifest 
pulling 2af3b81862c6:  42% ▕███████           ▏ 269 MB/637 MB  5.3 MB/s    1m9spulling manifest 
pulling 2af3b81862c6:  42% ▕███████           ▏ 269 MB/637 MB  5.3 MB/s    1m9spulling manifest 
pulling 2af3b81862c6:  42% ▕███████           ▏ 270 MB/637 MB  5.3 MB/s    1m9spulling manifest 
pulling 2af3b81862c6:  42% ▕███████           ▏ 270 MB/637 MB  5.3 MB/s    1m9spulling manifest 
pulling 2af3b81862c6:  43% ▕███████           ▏ 271 MB/637 MB  5.3 MB/s    1m9spulling manifest 
pulling 2af3b81862c6:  43% ▕███████           ▏ 272 MB/637 MB  5.3 MB/s    1m9spulling manifest 
pulling 2af3b81862c6:  43% ▕███████           ▏ 272 MB/637 MB  5.3 MB/s    1m9spulling manifest 
pulling 2af3b81862c6:  43% ▕███████           ▏ 273 MB/637 MB  5.3 MB/s    1m9spulling manifest 
pulling 2af3b81862c6:  43% ▕███████           ▏ 273 MB/637 MB  5.4 MB/s    1m7spulling manifest 
pulling 2af3b81862c6:  43% ▕███████           ▏ 274 MB/637 MB  5.4 MB/s    1m7spulling manifest 
pulling 2af3b81862c6:  43% ▕███████           ▏ 274 MB/637 MB  5.4 MB/s    1m7spulling manifest 
pulling 2af3b81862c6:  43% ▕███████           ▏ 275 MB/637 MB  5.4 MB/s    1m7spulling manifest 
pulling 2af3b81862c6:  43% ▕███████           ▏ 275 MB/637 MB  5.4 MB/s    1m7spulling manifest 
pulling 2af3b81862c6:  43% ▕███████           ▏ 276 MB/637 MB  5.4 MB/s    1m6spulling manifest 
pulling 2af3b81862c6:  43% ▕███████           ▏ 277 MB/637 MB  5.4 MB/s    1m6spulling manifest 
pulling 2af3b81862c6:  44% ▕███████           ▏ 277 MB/637 MB  5.4 MB/s    1m6spulling manifest 
pulling 2af3b81862c6:  44% ▕███████           ▏ 278 MB/637 MB  5.4 MB/s    1m6spulling manifest 
pulling 2af3b81862c6:  44% ▕███████           ▏ 279 MB/637 MB  5.4 MB/s    1m6spulling manifest 
pulling 2af3b81862c6:  44% ▕███████           ▏ 279 MB/637 MB  5.4 MB/s    1m5spulling manifest 
pulling 2af3b81862c6:  44% ▕███████           ▏ 280 MB/637 MB  5.4 MB/s    1m5spulling manifest 
pulling 2af3b81862c6:  44% ▕███████           ▏ 280 MB/637 MB  5.4 MB/s    1m5spulling manifest 
pulling 2af3b81862c6:  44% ▕███████           ▏ 280 MB/637 MB  5.4 MB/s    1m5spulling manifest 
pulling 2af3b81862c6:  44% ▕███████           ▏ 281 MB/637 MB  5.4 MB/s    1m5spulling manifest 
pulling 2af3b81862c6:  44% ▕███████           ▏ 282 MB/637 MB  5.4 MB/s    1m5spulling manifest 
pulling 2af3b81862c6:  44% ▕███████           ▏ 282 MB/637 MB  5.4 MB/s    1m5spulling manifest 
pulling 2af3b81862c6:  44% ▕███████           ▏ 283 MB/637 MB  5.4 MB/s    1m5spulling manifest 
pulling 2af3b81862c6:  44% ▕████████          ▏ 283 MB/637 MB  5.4 MB/s    1m5spulling manifest 
pulling 2af3b81862c6:  45% ▕████████          ▏ 284 MB/637 MB  5.4 MB/s    1m4spulling manifest 
pulling 2af3b81862c6:  45% ▕████████          ▏ 284 MB/637 MB  5.4 MB/s    1m5spulling manifest 
pulling 2af3b81862c6:  45% ▕████████          ▏ 284 MB/637 MB  5.4 MB/s    1m5spulling manifest 
pulling 2af3b81862c6:  45% ▕████████          ▏ 284 MB/637 MB  5.4 MB/s    1m5spulling manifest 
pulling 2af3b81862c6:  45% ▕████████          ▏ 285 MB/637 MB  5.4 MB/s    1m5spulling manifest 
pulling 2af3b81862c6:  45% ▕████████          ▏ 285 MB/637 MB  5.4 MB/s    1m5spulling manifest 
pulling 2af3b81862c6:  45% ▕████████          ▏ 285 MB/637 MB  5.4 MB/s    1m5spulling manifest 
pulling 2af3b81862c6:  45% ▕████████          ▏ 286 MB/637 MB  5.4 MB/s    1m4spulling manifest 
pulling 2af3b81862c6:  45% ▕████████          ▏ 287 MB/637 MB  5.4 MB/s    1m4spulling manifest 
pulling 2af3b81862c6:  45% ▕████████          ▏ 287 MB/637 MB  5.4 MB/s    1m4spulling manifest 
pulling 2af3b81862c6:  45% ▕████████          ▏ 287 MB/637 MB  5.4 MB/s    1m4spulling manifest 
pulling 2af3b81862c6:  45% ▕████████          ▏ 288 MB/637 MB  5.3 MB/s    1m5spulling manifest 
pulling 2af3b81862c6:  45% ▕████████          ▏ 288 MB/637 MB  5.3 MB/s    1m5spulling manifest 
pulling 2af3b81862c6:  45% ▕████████          ▏ 289 MB/637 MB  5.3 MB/s    1m5spulling manifest 
pulling 2af3b81862c6:  45% ▕████████          ▏ 289 MB/637 MB  5.3 MB/s    1m5spulling manifest 
pulling 2af3b81862c6:  46% ▕████████          ▏ 290 MB/637 MB  5.3 MB/s    1m5spulling manifest 
pulling 2af3b81862c6:  46% ▕████████          ▏ 290 MB/637 MB  5.3 MB/s    1m5spulling manifest 
pulling 2af3b81862c6:  46% ▕████████          ▏ 291 MB/637 MB  5.3 MB/s    1m5spulling manifest 
pulling 2af3b81862c6:  46% ▕████████          ▏ 291 MB/637 MB  5.3 MB/s    1m5spulling manifest 
pulling 2af3b81862c6:  46% ▕████████          ▏ 292 MB/637 MB  5.3 MB/s    1m4spulling manifest 
pulling 2af3b81862c6:  46% ▕████████          ▏ 292 MB/637 MB  5.3 MB/s    1m4spulling manifest 
pulling 2af3b81862c6:  46% ▕████████          ▏ 293 MB/637 MB  5.3 MB/s    1m4spulling manifest 
pulling 2af3b81862c6:  46% ▕████████          ▏ 293 MB/637 MB  5.3 MB/s    1m5spulling manifest 
pulling 2af3b81862c6:  46% ▕████████          ▏ 294 MB/637 MB  5.3 MB/s    1m4spulling manifest 
pulling 2af3b81862c6:  46% ▕████████          ▏ 294 MB/637 MB  5.3 MB/s    1m4spulling manifest 
pulling 2af3b81862c6:  46% ▕████████          ▏ 295 MB/637 MB  5.3 MB/s    1m4spulling manifest 
pulling 2af3b81862c6:  46% ▕████████          ▏ 296 MB/637 MB  5.3 MB/s    1m4spulling manifest 
pulling 2af3b81862c6:  46% ▕████████          ▏ 296 MB/637 MB  5.3 MB/s    1m4spulling manifest 
pulling 2af3b81862c6:  47% ▕████████          ▏ 297 MB/637 MB  5.3 MB/s    1m4spulling manifest 
pulling 2af3b81862c6:  47% ▕████████          ▏ 297 MB/637 MB  5.3 MB/s    1m4spulling manifest 
pulling 2af3b81862c6:  47% ▕████████          ▏ 298 MB/637 MB  5.3 MB/s    1m4spulling manifest 
pulling 2af3b81862c6:  47% ▕████████          ▏ 298 MB/637 MB  5.3 MB/s    1m4spulling manifest 
pulling 2af3b81862c6:  47% ▕████████          ▏ 299 MB/637 MB  5.3 MB/s    1m3spulling manifest 
pulling 2af3b81862c6:  47% ▕████████          ▏ 299 MB/637 MB  5.3 MB/s    1m3spulling manifest 
pulling 2af3b81862c6:  47% ▕████████          ▏ 300 MB/637 MB  5.3 MB/s    1m3spulling manifest 
pulling 2af3b81862c6:  47% ▕████████          ▏ 300 MB/637 MB  5.3 MB/s    1m3spulling manifest 
pulling 2af3b81862c6:  47% ▕████████          ▏ 301 MB/637 MB  5.3 MB/s    1m3spulling manifest 
pulling 2af3b81862c6:  47% ▕████████          ▏ 302 MB/637 MB  5.3 MB/s    1m3spulling manifest 
pulling 2af3b81862c6:  47% ▕████████          ▏ 302 MB/637 MB  5.3 MB/s    1m3spulling manifest 
pulling 2af3b81862c6:  48% ▕████████          ▏ 303 MB/637 MB  5.3 MB/s    1m2spulling manifest 
pulling 2af3b81862c6:  48% ▕████████          ▏ 303 MB/637 MB  5.3 MB/s    1m2spulling manifest 
pulling 2af3b81862c6:  48% ▕████████          ▏ 304 MB/637 MB  5.3 MB/s    1m2spulling manifest 
pulling 2af3b81862c6:  48% ▕████████          ▏ 304 MB/637 MB  5.3 MB/s    1m2spulling manifest 
pulling 2af3b81862c6:  48% ▕████████          ▏ 305 MB/637 MB  5.4 MB/s    1m1spulling manifest 
pulling 2af3b81862c6:  48% ▕████████          ▏ 305 MB/637 MB  5.4 MB/s    1m1spulling manifest 
pulling 2af3b81862c6:  48% ▕████████          ▏ 305 MB/637 MB  5.4 MB/s    1m1spulling manifest 
pulling 2af3b81862c6:  48% ▕████████          ▏ 306 MB/637 MB  5.4 MB/s    1m1spulling manifest 
pulling 2af3b81862c6:  48% ▕████████          ▏ 306 MB/637 MB  5.4 MB/s    1m1spulling manifest 
pulling 2af3b81862c6:  48% ▕████████          ▏ 307 MB/637 MB  5.4 MB/s    1m1spulling manifest 
pulling 2af3b81862c6:  48% ▕████████          ▏ 307 MB/637 MB  5.4 MB/s    1m1spulling manifest 
pulling 2af3b81862c6:  48% ▕████████          ▏ 308 MB/637 MB  5.4 MB/s    1m1spulling manifest 
pulling 2af3b81862c6:  48% ▕████████          ▏ 308 MB/637 MB  5.4 MB/s    1m1spulling manifest 
pulling 2af3b81862c6:  48% ▕████████          ▏ 308 MB/637 MB  5.4 MB/s    1m1spulling manifest 
pulling 2af3b81862c6:  49% ▕████████          ▏ 309 MB/637 MB  5.2 MB/s    1m2spulling manifest 
pulling 2af3b81862c6:  49% ▕████████          ▏ 309 MB/637 MB  5.2 MB/s    1m2spulling manifest 
pulling 2af3b81862c6:  49% ▕████████          ▏ 310 MB/637 MB  5.2 MB/s    1m2spulling manifest 
pulling 2af3b81862c6:  49% ▕████████          ▏ 311 MB/637 MB  5.2 MB/s    1m2spulling manifest 
pulling 2af3b81862c6:  49% ▕████████          ▏ 311 MB/637 MB  5.2 MB/s    1m2spulling manifest 
pulling 2af3b81862c6:  49% ▕████████          ▏ 312 MB/637 MB  5.2 MB/s    1m2spulling manifest 
pulling 2af3b81862c6:  49% ▕████████          ▏ 312 MB/637 MB  5.2 MB/s    1m2spulling manifest 
pulling 2af3b81862c6:  49% ▕████████          ▏ 313 MB/637 MB  5.2 MB/s    1m1spulling manifest 
pulling 2af3b81862c6:  49% ▕████████          ▏ 313 MB/637 MB  5.2 MB/s    1m1spulling manifest 
pulling 2af3b81862c6:  49% ▕████████          ▏ 314 MB/637 MB  5.2 MB/s    1m1spulling manifest 
pulling 2af3b81862c6:  49% ▕████████          ▏ 314 MB/637 MB  5.2 MB/s    1m2spulling manifest 
pulling 2af3b81862c6:  49% ▕████████          ▏ 314 MB/637 MB  5.2 MB/s    1m2spulling manifest 
pulling 2af3b81862c6:  49% ▕████████          ▏ 315 MB/637 MB  5.2 MB/s    1m2spulling manifest 
pulling 2af3b81862c6:  50% ▕████████          ▏ 315 MB/637 MB  5.2 MB/s    1m2spulling manifest 
pulling 2af3b81862c6:  50% ▕████████          ▏ 316 MB/637 MB  5.2 MB/s    1m2spulling manifest 
pulling 2af3b81862c6:  50% ▕████████          ▏ 317 MB/637 MB  5.2 MB/s    1m2spulling manifest 
pulling 2af3b81862c6:  50% ▕████████          ▏ 317 MB/637 MB  5.2 MB/s    1m2spulling manifest 
pulling 2af3b81862c6:  50% ▕████████          ▏ 318 MB/637 MB  5.2 MB/s    1m1spulling manifest 
pulling 2af3b81862c6:  50% ▕█████████         ▏ 318 MB/637 MB  5.2 MB/s    1m1spulling manifest 
pulling 2af3b81862c6:  50% ▕█████████         ▏ 319 MB/637 MB  5.2 MB/s    1m1spulling manifest 
pulling 2af3b81862c6:  50% ▕█████████         ▏ 319 MB/637 MB  5.2 MB/s    1m1spulling manifest 
pulling 2af3b81862c6:  50% ▕█████████         ▏ 320 MB/637 MB  5.2 MB/s    1m1spulling manifest 
pulling 2af3b81862c6:  50% ▕█████████         ▏ 320 MB/637 MB  5.2 MB/s    1m1spulling manifest 
pulling 2af3b81862c6:  50% ▕█████████         ▏ 321 MB/637 MB  5.2 MB/s    1m1spulling manifest 
pulling 2af3b81862c6:  51% ▕█████████         ▏ 322 MB/637 MB  5.2 MB/s    1m1spulling manifest 
pulling 2af3b81862c6:  51% ▕█████████         ▏ 322 MB/637 MB  5.2 MB/s    1m1spulling manifest 
pulling 2af3b81862c6:  51% ▕█████████         ▏ 323 MB/637 MB  5.2 MB/s    1m0spulling manifest 
pulling 2af3b81862c6:  51% ▕█████████         ▏ 324 MB/637 MB  5.2 MB/s    1m0spulling manifest 
pulling 2af3b81862c6:  51% ▕█████████         ▏ 324 MB/637 MB  5.2 MB/s    1m0spulling manifest 
pulling 2af3b81862c6:  51% ▕█████████         ▏ 325 MB/637 MB  5.2 MB/s    1m0spulling manifest 
pulling 2af3b81862c6:  51% ▕█████████         ▏ 325 MB/637 MB  5.1 MB/s    1m0spulling manifest 
pulling 2af3b81862c6:  51% ▕█████████         ▏ 326 MB/637 MB  5.1 MB/s    1m0spulling manifest 
pulling 2af3b81862c6:  51% ▕█████████         ▏ 326 MB/637 MB  5.1 MB/s    1m0spulling manifest 
pulling 2af3b81862c6:  51% ▕█████████         ▏ 327 MB/637 MB  5.1 MB/s    1m0spulling manifest 
pulling 2af3b81862c6:  51% ▕█████████         ▏ 328 MB/637 MB  5.1 MB/s    1m0spulling manifest 
pulling 2af3b81862c6:  52% ▕█████████         ▏ 328 MB/637 MB  5.1 MB/s    1m0spulling manifest 
pulling 2af3b81862c6:  52% ▕█████████         ▏ 329 MB/637 MB  5.1 MB/s    1m0spulling manifest 
pulling 2af3b81862c6:  52% ▕█████████         ▏ 329 MB/637 MB  5.1 MB/s     59spulling manifest 
pulling 2af3b81862c6:  52% ▕█████████         ▏ 330 MB/637 MB  5.1 MB/s     59spulling manifest 
pulling 2af3b81862c6:  52% ▕█████████         ▏ 330 MB/637 MB  5.1 MB/s     59spulling manifest 
pulling 2af3b81862c6:  52% ▕█████████         ▏ 331 MB/637 MB  5.1 MB/s     59spulling manifest 
pulling 2af3b81862c6:  52% ▕█████████         ▏ 331 MB/637 MB  5.2 MB/s     58spulling manifest 
pulling 2af3b81862c6:  52% ▕█████████         ▏ 332 MB/637 MB  5.2 MB/s     58spulling manifest 
pulling 2af3b81862c6:  52% ▕█████████         ▏ 332 MB/637 MB  5.2 MB/s     58spulling manifest 
pulling 2af3b81862c6:  52% ▕█████████         ▏ 333 MB/637 MB  5.2 MB/s     58spulling manifest 
pulling 2af3b81862c6:  52% ▕█████████         ▏ 333 MB/637 MB  5.2 MB/s     58spulling manifest 
pulling 2af3b81862c6:  52% ▕█████████         ▏ 334 MB/637 MB  5.2 MB/s     58spulling manifest 
pulling 2af3b81862c6:  53% ▕█████████         ▏ 335 MB/637 MB  5.2 MB/s     58spulling manifest 
pulling 2af3b81862c6:  53% ▕█████████         ▏ 335 MB/637 MB  5.2 MB/s     57spulling manifest 
pulling 2af3b81862c6:  53% ▕█████████         ▏ 336 MB/637 MB  5.2 MB/s     57spulling manifest 
pulling 2af3b81862c6:  53% ▕█████████         ▏ 336 MB/637 MB  5.2 MB/s     57spulling manifest 
pulling 2af3b81862c6:  53% ▕█████████         ▏ 337 MB/637 MB  5.4 MB/s     55spulling manifest 
pulling 2af3b81862c6:  53% ▕█████████         ▏ 337 MB/637 MB  5.4 MB/s     55spulling manifest 
pulling 2af3b81862c6:  53% ▕█████████         ▏ 338 MB/637 MB  5.4 MB/s     55spulling manifest 
pulling 2af3b81862c6:  53% ▕█████████         ▏ 338 MB/637 MB  5.4 MB/s     55spulling manifest 
pulling 2af3b81862c6:  53% ▕█████████         ▏ 339 MB/637 MB  5.4 MB/s     55spulling manifest 
pulling 2af3b81862c6:  53% ▕█████████         ▏ 339 MB/637 MB  5.4 MB/s     55spulling manifest 
pulling 2af3b81862c6:  53% ▕█████████         ▏ 340 MB/637 MB  5.4 MB/s     55spulling manifest 
pulling 2af3b81862c6:  53% ▕█████████         ▏ 340 MB/637 MB  5.4 MB/s     55spulling manifest 
pulling 2af3b81862c6:  54% ▕█████████         ▏ 341 MB/637 MB  5.4 MB/s     54spulling manifest 
pulling 2af3b81862c6:  54% ▕█████████         ▏ 342 MB/637 MB  5.4 MB/s     54spulling manifest 
pulling 2af3b81862c6:  54% ▕█████████         ▏ 342 MB/637 MB  5.4 MB/s     54spulling manifest 
pulling 2af3b81862c6:  54% ▕█████████         ▏ 342 MB/637 MB  5.4 MB/s     54spulling manifest 
pulling 2af3b81862c6:  54% ▕█████████         ▏ 343 MB/637 MB  5.4 MB/s     54spulling manifest 
pulling 2af3b81862c6:  54% ▕█████████         ▏ 343 MB/637 MB  5.4 MB/s     54spulling manifest 
pulling 2af3b81862c6:  54% ▕█████████         ▏ 344 MB/637 MB  5.4 MB/s     54spulling manifest 
pulling 2af3b81862c6:  54% ▕█████████         ▏ 344 MB/637 MB  5.4 MB/s     54spulling manifest 
pulling 2af3b81862c6:  54% ▕█████████         ▏ 345 MB/637 MB  5.4 MB/s     54spulling manifest 
pulling 2af3b81862c6:  54% ▕█████████         ▏ 345 MB/637 MB  5.4 MB/s     54spulling manifest 
pulling 2af3b81862c6:  54% ▕█████████         ▏ 345 MB/637 MB  5.4 MB/s     54spulling manifest 
pulling 2af3b81862c6:  54% ▕█████████         ▏ 346 MB/637 MB  5.4 MB/s     54spulling manifest 
pulling 2af3b81862c6:  54% ▕█████████         ▏ 346 MB/637 MB  5.3 MB/s     54spulling manifest 
pulling 2af3b81862c6:  54% ▕█████████         ▏ 347 MB/637 MB  5.3 MB/s     54spulling manifest 
pulling 2af3b81862c6:  55% ▕█████████         ▏ 347 MB/637 MB  5.3 MB/s     54spulling manifest 
pulling 2af3b81862c6:  55% ▕█████████         ▏ 348 MB/637 MB  5.3 MB/s     54spulling manifest 
pulling 2af3b81862c6:  55% ▕█████████         ▏ 349 MB/637 MB  5.3 MB/s     54spulling manifest 
pulling 2af3b81862c6:  55% ▕█████████         ▏ 349 MB/637 MB  5.3 MB/s     53spulling manifest 
pulling 2af3b81862c6:  55% ▕█████████         ▏ 350 MB/637 MB  5.3 MB/s     53spulling manifest 
pulling 2af3b81862c6:  55% ▕█████████         ▏ 350 MB/637 MB  5.3 MB/s     53spulling manifest 
pulling 2af3b81862c6:  55% ▕█████████         ▏ 351 MB/637 MB  5.3 MB/s     53spulling manifest 
pulling 2af3b81862c6:  55% ▕█████████         ▏ 351 MB/637 MB  5.3 MB/s     53spulling manifest 
pulling 2af3b81862c6:  55% ▕█████████         ▏ 352 MB/637 MB  5.3 MB/s     54spulling manifest 
pulling 2af3b81862c6:  55% ▕█████████         ▏ 352 MB/637 MB  5.3 MB/s     54spulling manifest 
pulling 2af3b81862c6:  55% ▕█████████         ▏ 353 MB/637 MB  5.3 MB/s     53spulling manifest 
pulling 2af3b81862c6:  56% ▕█████████         ▏ 354 MB/637 MB  5.3 MB/s     53spulling manifest 
pulling 2af3b81862c6:  56% ▕██████████        ▏ 354 MB/637 MB  5.3 MB/s     53spulling manifest 
pulling 2af3b81862c6:  56% ▕██████████        ▏ 355 MB/637 MB  5.3 MB/s     53spulling manifest 
pulling 2af3b81862c6:  56% ▕██████████        ▏ 355 MB/637 MB  5.3 MB/s     53spulling manifest 
pulling 2af3b81862c6:  56% ▕██████████        ▏ 356 MB/637 MB  5.3 MB/s     53spulling manifest 
pulling 2af3b81862c6:  56% ▕██████████        ▏ 357 MB/637 MB  5.3 MB/s     53spulling manifest 
pulling 2af3b81862c6:  56% ▕██████████        ▏ 357 MB/637 MB  5.3 MB/s     53spulling manifest 
pulling 2af3b81862c6:  56% ▕██████████        ▏ 358 MB/637 MB  5.3 MB/s     53spulling manifest 
pulling 2af3b81862c6:  56% ▕██████████        ▏ 358 MB/637 MB  5.5 MB/s     51spulling manifest 
pulling 2af3b81862c6:  56% ▕██████████        ▏ 359 MB/637 MB  5.5 MB/s     50spulling manifest 
pulling 2af3b81862c6:  56% ▕██████████        ▏ 359 MB/637 MB  5.5 MB/s     50spulling manifest 
pulling 2af3b81862c6:  57% ▕██████████        ▏ 360 MB/637 MB  5.5 MB/s     50spulling manifest 
pulling 2af3b81862c6:  57% ▕██████████        ▏ 360 MB/637 MB  5.5 MB/s     50spulling manifest 
pulling 2af3b81862c6:  57% ▕██████████        ▏ 361 MB/637 MB  5.5 MB/s     50spulling manifest 
pulling 2af3b81862c6:  57% ▕██████████        ▏ 361 MB/637 MB  5.5 MB/s     50spulling manifest 
pulling 2af3b81862c6:  57% ▕██████████        ▏ 362 MB/637 MB  5.5 MB/s     50spulling manifest 
pulling 2af3b81862c6:  57% ▕██████████        ▏ 363 MB/637 MB  5.5 MB/s     50spulling manifest 
pulling 2af3b81862c6:  57% ▕██████████        ▏ 363 MB/637 MB  5.5 MB/s     50spulling manifest 
pulling 2af3b81862c6:  57% ▕██████████        ▏ 364 MB/637 MB  5.5 MB/s     49spulling manifest 
pulling 2af3b81862c6:  57% ▕██████████        ▏ 364 MB/637 MB  5.5 MB/s     49spulling manifest 
pulling 2af3b81862c6:  57% ▕██████████        ▏ 365 MB/637 MB  5.5 MB/s     49spulling manifest 
pulling 2af3b81862c6:  57% ▕██████████        ▏ 366 MB/637 MB  5.5 MB/s     48spulling manifest 
pulling 2af3b81862c6:  57% ▕██████████        ▏ 366 MB/637 MB  5.5 MB/s     48spulling manifest 
pulling 2af3b81862c6:  58% ▕██████████        ▏ 367 MB/637 MB  5.5 MB/s     48spulling manifest 
pulling 2af3b81862c6:  58% ▕██████████        ▏ 367 MB/637 MB  5.5 MB/s     48spulling manifest 
pulling 2af3b81862c6:  58% ▕██████████        ▏ 368 MB/637 MB  5.5 MB/s     48spulling manifest 
pulling 2af3b81862c6:  58% ▕██████████        ▏ 368 MB/637 MB  5.5 MB/s     48spulling manifest 
pulling 2af3b81862c6:  58% ▕██████████        ▏ 369 MB/637 MB  5.5 MB/s     48spulling manifest 
pulling 2af3b81862c6:  58% ▕██████████        ▏ 369 MB/637 MB  5.5 MB/s     49spulling manifest 
pulling 2af3b81862c6:  58% ▕██████████        ▏ 369 MB/637 MB  5.5 MB/s     48spulling manifest 
pulling 2af3b81862c6:  58% ▕██████████        ▏ 370 MB/637 MB  5.5 MB/s     48spulling manifest 
pulling 2af3b81862c6:  58% ▕██████████        ▏ 370 MB/637 MB  5.5 MB/s     48spulling manifest 
pulling 2af3b81862c6:  58% ▕██████████        ▏ 371 MB/637 MB  5.5 MB/s     48spulling manifest 
pulling 2af3b81862c6:  58% ▕██████████        ▏ 371 MB/637 MB  5.5 MB/s     48spulling manifest 
pulling 2af3b81862c6:  58% ▕██████████        ▏ 372 MB/637 MB  5.5 MB/s     48spulling manifest 
pulling 2af3b81862c6:  58% ▕██████████        ▏ 372 MB/637 MB  5.5 MB/s     48spulling manifest 
pulling 2af3b81862c6:  59% ▕██████████        ▏ 373 MB/637 MB  5.5 MB/s     48spulling manifest 
pulling 2af3b81862c6:  59% ▕██████████        ▏ 374 MB/637 MB  5.4 MB/s     49spulling manifest 
pulling 2af3b81862c6:  59% ▕██████████        ▏ 375 MB/637 MB  5.4 MB/s     48spulling manifest 
pulling 2af3b81862c6:  59% ▕██████████        ▏ 375 MB/637 MB  5.4 MB/s     48spulling manifest 
pulling 2af3b81862c6:  59% ▕██████████        ▏ 376 MB/637 MB  5.4 MB/s     48spulling manifest 
pulling 2af3b81862c6:  59% ▕██████████        ▏ 376 MB/637 MB  5.4 MB/s     48spulling manifest 
pulling 2af3b81862c6:  59% ▕██████████        ▏ 377 MB/637 MB  5.4 MB/s     48spulling manifest 
pulling 2af3b81862c6:  59% ▕██████████        ▏ 377 MB/637 MB  5.4 MB/s     48spulling manifest 
pulling 2af3b81862c6:  59% ▕██████████        ▏ 377 MB/637 MB  5.4 MB/s     48spulling manifest 
pulling 2af3b81862c6:  59% ▕██████████        ▏ 378 MB/637 MB  5.4 MB/s     48spulling manifest 
pulling 2af3b81862c6:  59% ▕██████████        ▏ 378 MB/637 MB  5.4 MB/s     48spulling manifest 
pulling 2af3b81862c6:  60% ▕██████████        ▏ 379 MB/637 MB  5.3 MB/s     48spulling manifest 
pulling 2af3b81862c6:  60% ▕██████████        ▏ 379 MB/637 MB  5.3 MB/s     48spulling manifest 
pulling 2af3b81862c6:  60% ▕██████████        ▏ 380 MB/637 MB  5.3 MB/s     48spulling manifest 
pulling 2af3b81862c6:  60% ▕██████████        ▏ 380 MB/637 MB  5.3 MB/s     48spulling manifest 
pulling 2af3b81862c6:  60% ▕██████████        ▏ 381 MB/637 MB  5.3 MB/s     48spulling manifest 
pulling 2af3b81862c6:  60% ▕██████████        ▏ 381 MB/637 MB  5.3 MB/s     47spulling manifest 
pulling 2af3b81862c6:  60% ▕██████████        ▏ 382 MB/637 MB  5.3 MB/s     47spulling manifest 
pulling 2af3b81862c6:  60% ▕██████████        ▏ 382 MB/637 MB  5.3 MB/s     47spulling manifest 
pulling 2af3b81862c6:  60% ▕██████████        ▏ 383 MB/637 MB  5.3 MB/s     47spulling manifest 
pulling 2af3b81862c6:  60% ▕██████████        ▏ 383 MB/637 MB  5.3 MB/s     47spulling manifest 
pulling 2af3b81862c6:  60% ▕██████████        ▏ 384 MB/637 MB  5.2 MB/s     48spulling manifest 
pulling 2af3b81862c6:  60% ▕██████████        ▏ 384 MB/637 MB  5.2 MB/s     48spulling manifest 
pulling 2af3b81862c6:  60% ▕██████████        ▏ 385 MB/637 MB  5.2 MB/s     48spulling manifest 
pulling 2af3b81862c6:  60% ▕██████████        ▏ 385 MB/637 MB  5.2 MB/s     48spulling manifest 
pulling 2af3b81862c6:  61% ▕██████████        ▏ 386 MB/637 MB  5.2 MB/s     48spulling manifest 
pulling 2af3b81862c6:  61% ▕██████████        ▏ 386 MB/637 MB  5.2 MB/s     47spulling manifest 
pulling 2af3b81862c6:  61% ▕██████████        ▏ 386 MB/637 MB  5.2 MB/s     47spulling manifest 
pulling 2af3b81862c6:  61% ▕██████████        ▏ 387 MB/637 MB  5.2 MB/s     47spulling manifest 
pulling 2af3b81862c6:  61% ▕██████████        ▏ 388 MB/637 MB  5.2 MB/s     47spulling manifest 
pulling 2af3b81862c6:  61% ▕██████████        ▏ 388 MB/637 MB  5.2 MB/s     47spulling manifest 
pulling 2af3b81862c6:  61% ▕██████████        ▏ 389 MB/637 MB  5.2 MB/s     47spulling manifest 
pulling 2af3b81862c6:  61% ▕███████████       ▏ 389 MB/637 MB  5.3 MB/s     46spulling manifest 
pulling 2af3b81862c6:  61% ▕███████████       ▏ 390 MB/637 MB  5.3 MB/s     46spulling manifest 
pulling 2af3b81862c6:  61% ▕███████████       ▏ 390 MB/637 MB  5.3 MB/s     46spulling manifest 
pulling 2af3b81862c6:  61% ▕███████████       ▏ 391 MB/637 MB  5.3 MB/s     46spulling manifest 
pulling 2af3b81862c6:  61% ▕███████████       ▏ 391 MB/637 MB  5.3 MB/s     46spulling manifest 
pulling 2af3b81862c6:  62% ▕███████████       ▏ 392 MB/637 MB  5.3 MB/s     46spulling manifest 
pulling 2af3b81862c6:  62% ▕███████████       ▏ 393 MB/637 MB  5.3 MB/s     46spulling manifest 
pulling 2af3b81862c6:  62% ▕███████████       ▏ 393 MB/637 MB  5.3 MB/s     46spulling manifest 
pulling 2af3b81862c6:  62% ▕███████████       ▏ 393 MB/637 MB  5.3 MB/s     46spulling manifest 
pulling 2af3b81862c6:  62% ▕███████████       ▏ 394 MB/637 MB  5.3 MB/s     45spulling manifest 
pulling 2af3b81862c6:  62% ▕███████████       ▏ 394 MB/637 MB  5.3 MB/s     45spulling manifest 
pulling 2af3b81862c6:  62% ▕███████████       ▏ 395 MB/637 MB  5.4 MB/s     45spulling manifest 
pulling 2af3b81862c6:  62% ▕███████████       ▏ 396 MB/637 MB  5.4 MB/s     44spulling manifest 
pulling 2af3b81862c6:  62% ▕███████████       ▏ 396 MB/637 MB  5.4 MB/s     44spulling manifest 
pulling 2af3b81862c6:  62% ▕███████████       ▏ 397 MB/637 MB  5.4 MB/s     44spulling manifest 
pulling 2af3b81862c6:  62% ▕███████████       ▏ 397 MB/637 MB  5.4 MB/s     44spulling manifest 
pulling 2af3b81862c6:  62% ▕███████████       ▏ 398 MB/637 MB  5.4 MB/s     44spulling manifest 
pulling 2af3b81862c6:  63% ▕███████████       ▏ 398 MB/637 MB  5.4 MB/s     44spulling manifest 
pulling 2af3b81862c6:  63% ▕███████████       ▏ 399 MB/637 MB  5.4 MB/s     44spulling manifest 
pulling 2af3b81862c6:  63% ▕███████████       ▏ 400 MB/637 MB  5.4 MB/s     44spulling manifest 
pulling 2af3b81862c6:  63% ▕███████████       ▏ 400 MB/637 MB  5.4 MB/s     44spulling manifest 
pulling 2af3b81862c6:  63% ▕███████████       ▏ 400 MB/637 MB  5.4 MB/s     44spulling manifest 
pulling 2af3b81862c6:  63% ▕███████████       ▏ 401 MB/637 MB  5.4 MB/s     44spulling manifest 
pulling 2af3b81862c6:  63% ▕███████████       ▏ 401 MB/637 MB  5.4 MB/s     44spulling manifest 
pulling 2af3b81862c6:  63% ▕███████████       ▏ 402 MB/637 MB  5.4 MB/s     43spulling manifest 
pulling 2af3b81862c6:  63% ▕███████████       ▏ 402 MB/637 MB  5.4 MB/s     43spulling manifest 
pulling 2af3b81862c6:  63% ▕███████████       ▏ 402 MB/637 MB  5.4 MB/s     43spulling manifest 
pulling 2af3b81862c6:  63% ▕███████████       ▏ 403 MB/637 MB  5.4 MB/s     43spulling manifest 
pulling 2af3b81862c6:  63% ▕███████████       ▏ 403 MB/637 MB  5.4 MB/s     43spulling manifest 
pulling 2af3b81862c6:  63% ▕███████████       ▏ 404 MB/637 MB  5.4 MB/s     43spulling manifest 
pulling 2af3b81862c6:  63% ▕███████████       ▏ 404 MB/637 MB  5.4 MB/s     43spulling manifest 
pulling 2af3b81862c6:  63% ▕███████████       ▏ 404 MB/637 MB  5.4 MB/s     43spulling manifest 
pulling 2af3b81862c6:  63% ▕███████████       ▏ 404 MB/637 MB  5.1 MB/s     45spulling manifest 
pulling 2af3b81862c6:  64% ▕███████████       ▏ 405 MB/637 MB  5.1 MB/s     45spulling manifest 
pulling 2af3b81862c6:  64% ▕███████████       ▏ 405 MB/637 MB  5.1 MB/s     45spulling manifest 
pulling 2af3b81862c6:  64% ▕███████████       ▏ 405 MB/637 MB  5.1 MB/s     45spulling manifest 
pulling 2af3b81862c6:  64% ▕███████████       ▏ 405 MB/637 MB  5.1 MB/s     45spulling manifest 
pulling 2af3b81862c6:  64% ▕███████████       ▏ 405 MB/637 MB  5.1 MB/s     45spulling manifest 
pulling 2af3b81862c6:  64% ▕███████████       ▏ 406 MB/637 MB  5.1 MB/s     44spulling manifest 
pulling 2af3b81862c6:  64% ▕███████████       ▏ 406 MB/637 MB  5.1 MB/s     44spulling manifest 
pulling 2af3b81862c6:  64% ▕███████████       ▏ 406 MB/637 MB  5.1 MB/s     44spulling manifest 
pulling 2af3b81862c6:  64% ▕███████████       ▏ 407 MB/637 MB  5.1 MB/s     44spulling manifest 
pulling 2af3b81862c6:  64% ▕███████████       ▏ 407 MB/637 MB  4.8 MB/s     48spulling manifest 
pulling 2af3b81862c6:  64% ▕███████████       ▏ 407 MB/637 MB  4.8 MB/s     47spulling manifest 
pulling 2af3b81862c6:  64% ▕███████████       ▏ 407 MB/637 MB  4.8 MB/s     47spulling manifest 
pulling 2af3b81862c6:  64% ▕███████████       ▏ 408 MB/637 MB  4.8 MB/s     47spulling manifest 
pulling 2af3b81862c6:  64% ▕███████████       ▏ 408 MB/637 MB  4.8 MB/s     47spulling manifest 
pulling 2af3b81862c6:  64% ▕███████████       ▏ 408 MB/637 MB  4.8 MB/s     47spulling manifest 
pulling 2af3b81862c6:  64% ▕███████████       ▏ 408 MB/637 MB  4.8 MB/s     47spulling manifest 
pulling 2af3b81862c6:  64% ▕███████████       ▏ 408 MB/637 MB  4.8 MB/s     47spulling manifest 
pulling 2af3b81862c6:  64% ▕███████████       ▏ 409 MB/637 MB  4.8 MB/s     47spulling manifest 
pulling 2af3b81862c6:  64% ▕███████████       ▏ 409 MB/637 MB  4.8 MB/s     47spulling manifest 
pulling 2af3b81862c6:  64% ▕███████████       ▏ 409 MB/637 MB  4.8 MB/s     47spulling manifest 
pulling 2af3b81862c6:  64% ▕███████████       ▏ 410 MB/637 MB  4.5 MB/s     50spulling manifest 
pulling 2af3b81862c6:  64% ▕███████████       ▏ 410 MB/637 MB  4.5 MB/s     50spulling manifest 
pulling 2af3b81862c6:  64% ▕███████████       ▏ 411 MB/637 MB  4.5 MB/s     50spulling manifest 
pulling 2af3b81862c6:  65% ▕███████████       ▏ 411 MB/637 MB  4.5 MB/s     49spulling manifest 
pulling 2af3b81862c6:  65% ▕███████████       ▏ 411 MB/637 MB  4.5 MB/s     49spulling manifest 
pulling 2af3b81862c6:  65% ▕███████████       ▏ 411 MB/637 MB  4.5 MB/s     49spulling manifest 
pulling 2af3b81862c6:  65% ▕███████████       ▏ 412 MB/637 MB  4.5 MB/s     49spulling manifest 
pulling 2af3b81862c6:  65% ▕███████████       ▏ 412 MB/637 MB  4.5 MB/s     49spulling manifest 
pulling 2af3b81862c6:  65% ▕███████████       ▏ 413 MB/637 MB  4.5 MB/s     49spulling manifest 
pulling 2af3b81862c6:  65% ▕███████████       ▏ 413 MB/637 MB  4.5 MB/s     49spulling manifest 
pulling 2af3b81862c6:  65% ▕███████████       ▏ 414 MB/637 MB  4.4 MB/s     50spulling manifest 
pulling 2af3b81862c6:  65% ▕███████████       ▏ 414 MB/637 MB  4.4 MB/s     50spulling manifest 
pulling 2af3b81862c6:  65% ▕███████████       ▏ 415 MB/637 MB  4.4 MB/s     50spulling manifest 
pulling 2af3b81862c6:  65% ▕███████████       ▏ 415 MB/637 MB  4.4 MB/s     50spulling manifest 
pulling 2af3b81862c6:  65% ▕███████████       ▏ 416 MB/637 MB  4.4 MB/s     50spulling manifest 
pulling 2af3b81862c6:  65% ▕███████████       ▏ 416 MB/637 MB  4.4 MB/s     49spulling manifest 
pulling 2af3b81862c6:  65% ▕███████████       ▏ 417 MB/637 MB  4.4 MB/s     49spulling manifest 
pulling 2af3b81862c6:  65% ▕███████████       ▏ 417 MB/637 MB  4.4 MB/s     49spulling manifest 
pulling 2af3b81862c6:  66% ▕███████████       ▏ 418 MB/637 MB  4.4 MB/s     49spulling manifest 
pulling 2af3b81862c6:  66% ▕███████████       ▏ 418 MB/637 MB  4.4 MB/s     49spulling manifest 
pulling 2af3b81862c6:  66% ▕███████████       ▏ 419 MB/637 MB  4.4 MB/s     49spulling manifest 
pulling 2af3b81862c6:  66% ▕███████████       ▏ 419 MB/637 MB  4.4 MB/s     49spulling manifest 
pulling 2af3b81862c6:  66% ▕███████████       ▏ 420 MB/637 MB  4.4 MB/s     49spulling manifest 
pulling 2af3b81862c6:  66% ▕███████████       ▏ 420 MB/637 MB  4.4 MB/s     49spulling manifest 
pulling 2af3b81862c6:  66% ▕███████████       ▏ 421 MB/637 MB  4.4 MB/s     49spulling manifest 
pulling 2af3b81862c6:  66% ▕███████████       ▏ 421 MB/637 MB  4.4 MB/s     49spulling manifest 
pulling 2af3b81862c6:  66% ▕███████████       ▏ 421 MB/637 MB  4.4 MB/s     49spulling manifest 
pulling 2af3b81862c6:  66% ▕███████████       ▏ 422 MB/637 MB  4.4 MB/s     48spulling manifest 
pulling 2af3b81862c6:  66% ▕███████████       ▏ 422 MB/637 MB  4.4 MB/s     48spulling manifest 
pulling 2af3b81862c6:  66% ▕███████████       ▏ 422 MB/637 MB  4.4 MB/s     48spulling manifest 
pulling 2af3b81862c6:  66% ▕███████████       ▏ 423 MB/637 MB  4.3 MB/s     49spulling manifest 
pulling 2af3b81862c6:  66% ▕███████████       ▏ 423 MB/637 MB  4.3 MB/s     49spulling manifest 
pulling 2af3b81862c6:  66% ▕███████████       ▏ 424 MB/637 MB  4.3 MB/s     49spulling manifest 
pulling 2af3b81862c6:  67% ▕███████████       ▏ 424 MB/637 MB  4.3 MB/s     49spulling manifest 
pulling 2af3b81862c6:  67% ▕███████████       ▏ 425 MB/637 MB  4.3 MB/s     48spulling manifest 
pulling 2af3b81862c6:  67% ▕████████████      ▏ 425 MB/637 MB  4.3 MB/s     48spulling manifest 
pulling 2af3b81862c6:  67% ▕████████████      ▏ 425 MB/637 MB  4.3 MB/s     48spulling manifest 
pulling 2af3b81862c6:  67% ▕████████████      ▏ 426 MB/637 MB  4.3 MB/s     48spulling manifest 
pulling 2af3b81862c6:  67% ▕████████████      ▏ 426 MB/637 MB  4.3 MB/s     48spulling manifest 
pulling 2af3b81862c6:  67% ▕████████████      ▏ 427 MB/637 MB  4.3 MB/s     48spulling manifest 
pulling 2af3b81862c6:  67% ▕████████████      ▏ 427 MB/637 MB  4.2 MB/s     50spulling manifest 
pulling 2af3b81862c6:  67% ▕████████████      ▏ 427 MB/637 MB  4.2 MB/s     50spulling manifest 
pulling 2af3b81862c6:  67% ▕████████████      ▏ 427 MB/637 MB  4.2 MB/s     50spulling manifest 
pulling 2af3b81862c6:  67% ▕████████████      ▏ 428 MB/637 MB  4.2 MB/s     50spulling manifest 
pulling 2af3b81862c6:  67% ▕████████████      ▏ 428 MB/637 MB  4.2 MB/s     49spulling manifest 
pulling 2af3b81862c6:  67% ▕████████████      ▏ 429 MB/637 MB  4.2 MB/s     49spulling manifest 
pulling 2af3b81862c6:  67% ▕████████████      ▏ 429 MB/637 MB  4.2 MB/s     49spulling manifest 
pulling 2af3b81862c6:  67% ▕████████████      ▏ 429 MB/637 MB  4.2 MB/s     49spulling manifest 
pulling 2af3b81862c6:  68% ▕████████████      ▏ 430 MB/637 MB  4.2 MB/s     49spulling manifest 
pulling 2af3b81862c6:  68% ▕████████████      ▏ 431 MB/637 MB  4.2 MB/s     49spulling manifest 
pulling 2af3b81862c6:  68% ▕████████████      ▏ 431 MB/637 MB  4.2 MB/s     49spulling manifest 
pulling 2af3b81862c6:  68% ▕████████████      ▏ 432 MB/637 MB  4.1 MB/s     50spulling manifest 
pulling 2af3b81862c6:  68% ▕████████████      ▏ 432 MB/637 MB  4.1 MB/s     50spulling manifest 
pulling 2af3b81862c6:  68% ▕████████████      ▏ 433 MB/637 MB  4.1 MB/s     50spulling manifest 
pulling 2af3b81862c6:  68% ▕████████████      ▏ 433 MB/637 MB  4.1 MB/s     50spulling manifest 
pulling 2af3b81862c6:  68% ▕████████████      ▏ 434 MB/637 MB  4.1 MB/s     50spulling manifest 
pulling 2af3b81862c6:  68% ▕████████████      ▏ 434 MB/637 MB  4.1 MB/s     50spulling manifest 
pulling 2af3b81862c6:  68% ▕████████████      ▏ 435 MB/637 MB  4.1 MB/s     49spulling manifest 
pulling 2af3b81862c6:  68% ▕████████████      ▏ 435 MB/637 MB  4.1 MB/s     49spulling manifest 
pulling 2af3b81862c6:  68% ▕████████████      ▏ 436 MB/637 MB  4.1 MB/s     49spulling manifest 
pulling 2af3b81862c6:  68% ▕████████████      ▏ 436 MB/637 MB  4.1 MB/s     49spulling manifest 
pulling 2af3b81862c6:  69% ▕████████████      ▏ 437 MB/637 MB  4.0 MB/s     49spulling manifest 
pulling 2af3b81862c6:  69% ▕████████████      ▏ 437 MB/637 MB  4.0 MB/s     49spulling manifest 
pulling 2af3b81862c6:  69% ▕████████████      ▏ 438 MB/637 MB  4.0 MB/s     49spulling manifest 
pulling 2af3b81862c6:  69% ▕████████████      ▏ 438 MB/637 MB  4.0 MB/s     49spulling manifest 
pulling 2af3b81862c6:  69% ▕████████████      ▏ 439 MB/637 MB  4.0 MB/s     49spulling manifest 
pulling 2af3b81862c6:  69% ▕████████████      ▏ 439 MB/637 MB  4.0 MB/s     48spulling manifest 
pulling 2af3b81862c6:  69% ▕████████████      ▏ 440 MB/637 MB  4.0 MB/s     48spulling manifest 
pulling 2af3b81862c6:  69% ▕████████████      ▏ 440 MB/637 MB  4.0 MB/s     48spulling manifest 
pulling 2af3b81862c6:  69% ▕████████████      ▏ 441 MB/637 MB  4.0 MB/s     48spulling manifest 
pulling 2af3b81862c6:  69% ▕████████████      ▏ 442 MB/637 MB  4.0 MB/s     48spulling manifest 
pulling 2af3b81862c6:  69% ▕████████████      ▏ 442 MB/637 MB  4.2 MB/s     46spulling manifest 
pulling 2af3b81862c6:  70% ▕████████████      ▏ 443 MB/637 MB  4.2 MB/s     46spulling manifest 
pulling 2af3b81862c6:  70% ▕████████████      ▏ 443 MB/637 MB  4.2 MB/s     46spulling manifest 
pulling 2af3b81862c6:  70% ▕████████████      ▏ 444 MB/637 MB  4.2 MB/s     46spulling manifest 
pulling 2af3b81862c6:  70% ▕████████████      ▏ 444 MB/637 MB  4.2 MB/s     45spulling manifest 
pulling 2af3b81862c6:  70% ▕████████████      ▏ 445 MB/637 MB  4.2 MB/s     45spulling manifest 
pulling 2af3b81862c6:  70% ▕████████████      ▏ 445 MB/637 MB  4.2 MB/s     45spulling manifest 
pulling 2af3b81862c6:  70% ▕████████████      ▏ 446 MB/637 MB  4.2 MB/s     45spulling manifest 
pulling 2af3b81862c6:  70% ▕████████████      ▏ 446 MB/637 MB  4.2 MB/s     45spulling manifest 
pulling 2af3b81862c6:  70% ▕████████████      ▏ 447 MB/637 MB  4.2 MB/s     45spulling manifest 
pulling 2af3b81862c6:  70% ▕████████████      ▏ 447 MB/637 MB  4.5 MB/s     41spulling manifest 
pulling 2af3b81862c6:  70% ▕████████████      ▏ 448 MB/637 MB  4.5 MB/s     41spulling manifest 
pulling 2af3b81862c6:  70% ▕████████████      ▏ 449 MB/637 MB  4.5 MB/s     41spulling manifest 
pulling 2af3b81862c6:  71% ▕████████████      ▏ 449 MB/637 MB  4.5 MB/s     41spulling manifest 
pulling 2af3b81862c6:  71% ▕████████████      ▏ 450 MB/637 MB  4.5 MB/s     41spulling manifest 
pulling 2af3b81862c6:  71% ▕████████████      ▏ 450 MB/637 MB  4.5 MB/s     41spulling manifest 
pulling 2af3b81862c6:  71% ▕████████████      ▏ 451 MB/637 MB  4.5 MB/s     41spulling manifest 
pulling 2af3b81862c6:  71% ▕████████████      ▏ 451 MB/637 MB  4.5 MB/s     41spulling manifest 
pulling 2af3b81862c6:  71% ▕████████████      ▏ 452 MB/637 MB  4.5 MB/s     41spulling manifest 
pulling 2af3b81862c6:  71% ▕████████████      ▏ 452 MB/637 MB  4.5 MB/s     40spulling manifest 
pulling 2af3b81862c6:  71% ▕████████████      ▏ 452 MB/637 MB  4.7 MB/s     38spulling manifest 
pulling 2af3b81862c6:  71% ▕████████████      ▏ 452 MB/637 MB  4.7 MB/s     38spulling manifest 
pulling 2af3b81862c6:  71% ▕████████████      ▏ 453 MB/637 MB  4.7 MB/s     38spulling manifest 
pulling 2af3b81862c6:  71% ▕████████████      ▏ 454 MB/637 MB  4.7 MB/s     38spulling manifest 
pulling 2af3b81862c6:  71% ▕████████████      ▏ 454 MB/637 MB  4.7 MB/s     38spulling manifest 
pulling 2af3b81862c6:  71% ▕████████████      ▏ 454 MB/637 MB  4.7 MB/s     38spulling manifest 
pulling 2af3b81862c6:  71% ▕████████████      ▏ 455 MB/637 MB  4.7 MB/s     38spulling manifest 
pulling 2af3b81862c6:  71% ▕████████████      ▏ 455 MB/637 MB  4.7 MB/s     38spulling manifest 
pulling 2af3b81862c6:  72% ▕████████████      ▏ 456 MB/637 MB  4.7 MB/s     38spulling manifest 
pulling 2af3b81862c6:  72% ▕████████████      ▏ 456 MB/637 MB  4.7 MB/s     38spulling manifest 
pulling 2af3b81862c6:  72% ▕████████████      ▏ 456 MB/637 MB  4.7 MB/s     38spulling manifest 
pulling 2af3b81862c6:  72% ▕████████████      ▏ 457 MB/637 MB  4.8 MB/s     37spulling manifest 
pulling 2af3b81862c6:  72% ▕████████████      ▏ 457 MB/637 MB  4.8 MB/s     37spulling manifest 
pulling 2af3b81862c6:  72% ▕████████████      ▏ 458 MB/637 MB  4.8 MB/s     37spulling manifest 
pulling 2af3b81862c6:  72% ▕████████████      ▏ 458 MB/637 MB  4.8 MB/s     37spulling manifest 
pulling 2af3b81862c6:  72% ▕████████████      ▏ 458 MB/637 MB  4.8 MB/s     37spulling manifest 
pulling 2af3b81862c6:  72% ▕████████████      ▏ 459 MB/637 MB  4.8 MB/s     37spulling manifest 
pulling 2af3b81862c6:  72% ▕████████████      ▏ 459 MB/637 MB  4.8 MB/s     37spulling manifest 
pulling 2af3b81862c6:  72% ▕████████████      ▏ 459 MB/637 MB  4.8 MB/s     36spulling manifest 
pulling 2af3b81862c6:  72% ▕████████████      ▏ 459 MB/637 MB  4.8 MB/s     36spulling manifest 
pulling 2af3b81862c6:  72% ▕████████████      ▏ 460 MB/637 MB  4.8 MB/s     36spulling manifest 
pulling 2af3b81862c6:  72% ▕█████████████     ▏ 460 MB/637 MB  4.6 MB/s     38spulling manifest 
pulling 2af3b81862c6:  72% ▕█████████████     ▏ 461 MB/637 MB  4.6 MB/s     38spulling manifest 
pulling 2af3b81862c6:  72% ▕█████████████     ▏ 461 MB/637 MB  4.6 MB/s     38spulling manifest 
pulling 2af3b81862c6:  72% ▕█████████████     ▏ 462 MB/637 MB  4.6 MB/s     38spulling manifest 
pulling 2af3b81862c6:  73% ▕█████████████     ▏ 462 MB/637 MB  4.6 MB/s     38spulling manifest 
pulling 2af3b81862c6:  73% ▕█████████████     ▏ 462 MB/637 MB  4.6 MB/s     37spulling manifest 
pulling 2af3b81862c6:  73% ▕█████████████     ▏ 463 MB/637 MB  4.6 MB/s     37spulling manifest 
pulling 2af3b81862c6:  73% ▕█████████████     ▏ 463 MB/637 MB  4.6 MB/s     37spulling manifest 
pulling 2af3b81862c6:  73% ▕█████████████     ▏ 463 MB/637 MB  4.6 MB/s     37spulling manifest 
pulling 2af3b81862c6:  73% ▕█████████████     ▏ 464 MB/637 MB  4.6 MB/s     37spulling manifest 
pulling 2af3b81862c6:  73% ▕█████████████     ▏ 464 MB/637 MB  4.6 MB/s     37spulling manifest 
pulling 2af3b81862c6:  73% ▕█████████████     ▏ 464 MB/637 MB  4.6 MB/s     37spulling manifest 
pulling 2af3b81862c6:  73% ▕█████████████     ▏ 465 MB/637 MB  4.6 MB/s     37spulling manifest 
pulling 2af3b81862c6:  73% ▕█████████████     ▏ 465 MB/637 MB  4.6 MB/s     37spulling manifest 
pulling 2af3b81862c6:  73% ▕█████████████     ▏ 465 MB/637 MB  4.6 MB/s     37spulling manifest 
pulling 2af3b81862c6:  73% ▕█████████████     ▏ 466 MB/637 MB  4.6 MB/s     37spulling manifest 
pulling 2af3b81862c6:  73% ▕█████████████     ▏ 466 MB/637 MB  4.6 MB/s     37spulling manifest 
pulling 2af3b81862c6:  73% ▕█████████████     ▏ 466 MB/637 MB  4.6 MB/s     37spulling manifest 
pulling 2af3b81862c6:  73% ▕█████████████     ▏ 467 MB/637 MB  4.6 MB/s     37spulling manifest 
pulling 2af3b81862c6:  73% ▕█████████████     ▏ 467 MB/637 MB  4.6 MB/s     37spulling manifest 
pulling 2af3b81862c6:  73% ▕█████████████     ▏ 467 MB/637 MB  4.5 MB/s     37spulling manifest 
pulling 2af3b81862c6:  73% ▕█████████████     ▏ 468 MB/637 MB  4.5 MB/s     37spulling manifest 
pulling 2af3b81862c6:  73% ▕█████████████     ▏ 468 MB/637 MB  4.5 MB/s     37spulling manifest 
pulling 2af3b81862c6:  74% ▕█████████████     ▏ 469 MB/637 MB  4.5 MB/s     37spulling manifest 
pulling 2af3b81862c6:  74% ▕█████████████     ▏ 469 MB/637 MB  4.5 MB/s     37spulling manifest 
pulling 2af3b81862c6:  74% ▕█████████████     ▏ 469 MB/637 MB  4.5 MB/s     37spulling manifest 
pulling 2af3b81862c6:  74% ▕█████████████     ▏ 469 MB/637 MB  4.5 MB/s     37spulling manifest 
pulling 2af3b81862c6:  74% ▕█████████████     ▏ 470 MB/637 MB  4.5 MB/s     37spulling manifest 
pulling 2af3b81862c6:  74% ▕█████████████     ▏ 470 MB/637 MB  4.5 MB/s     37spulling manifest 
pulling 2af3b81862c6:  74% ▕█████████████     ▏ 470 MB/637 MB  4.5 MB/s     36spulling manifest 
pulling 2af3b81862c6:  74% ▕█████████████     ▏ 471 MB/637 MB  4.4 MB/s     37spulling manifest 
pulling 2af3b81862c6:  74% ▕█████████████     ▏ 471 MB/637 MB  4.4 MB/s     37spulling manifest 
pulling 2af3b81862c6:  74% ▕█████████████     ▏ 472 MB/637 MB  4.4 MB/s     37spulling manifest 
pulling 2af3b81862c6:  74% ▕█████████████     ▏ 472 MB/637 MB  4.4 MB/s     37spulling manifest 
pulling 2af3b81862c6:  74% ▕█████████████     ▏ 473 MB/637 MB  4.4 MB/s     37spulling manifest 
pulling 2af3b81862c6:  74% ▕█████████████     ▏ 473 MB/637 MB  4.4 MB/s     37spulling manifest 
pulling 2af3b81862c6:  74% ▕█████████████     ▏ 474 MB/637 MB  4.4 MB/s     37spulling manifest 
pulling 2af3b81862c6:  74% ▕█████████████     ▏ 474 MB/637 MB  4.4 MB/s     37spulling manifest 
pulling 2af3b81862c6:  74% ▕█████████████     ▏ 475 MB/637 MB  4.4 MB/s     36spulling manifest 
pulling 2af3b81862c6:  75% ▕█████████████     ▏ 475 MB/637 MB  4.4 MB/s     36spulling manifest 
pulling 2af3b81862c6:  75% ▕█████████████     ▏ 475 MB/637 MB  4.4 MB/s     36spulling manifest 
pulling 2af3b81862c6:  75% ▕█████████████     ▏ 475 MB/637 MB  4.3 MB/s     37spulling manifest 
pulling 2af3b81862c6:  75% ▕█████████████     ▏ 476 MB/637 MB  4.3 MB/s     37spulling manifest 
pulling 2af3b81862c6:  75% ▕█████████████     ▏ 476 MB/637 MB  4.3 MB/s     37spulling manifest 
pulling 2af3b81862c6:  75% ▕█████████████     ▏ 476 MB/637 MB  4.3 MB/s     37spulling manifest 
pulling 2af3b81862c6:  75% ▕█████████████     ▏ 476 MB/637 MB  4.3 MB/s     37spulling manifest 
pulling 2af3b81862c6:  75% ▕█████████████     ▏ 476 MB/637 MB  4.3 MB/s     37spulling manifest 
pulling 2af3b81862c6:  75% ▕█████████████     ▏ 476 MB/637 MB  4.3 MB/s     37spulling manifest 
pulling 2af3b81862c6:  75% ▕█████████████     ▏ 477 MB/637 MB  4.3 MB/s     37spulling manifest 
pulling 2af3b81862c6:  75% ▕█████████████     ▏ 477 MB/637 MB  4.3 MB/s     37spulling manifest 
pulling 2af3b81862c6:  75% ▕█████████████     ▏ 477 MB/637 MB  4.3 MB/s     37spulling manifest 
pulling 2af3b81862c6:  75% ▕█████████████     ▏ 477 MB/637 MB  3.9 MB/s     40spulling manifest 
pulling 2af3b81862c6:  75% ▕█████████████     ▏ 478 MB/637 MB  3.9 MB/s     40spulling manifest 
pulling 2af3b81862c6:  75% ▕█████████████     ▏ 478 MB/637 MB  3.9 MB/s     40spulling manifest 
pulling 2af3b81862c6:  75% ▕█████████████     ▏ 478 MB/637 MB  3.9 MB/s     40spulling manifest 
pulling 2af3b81862c6:  75% ▕█████████████     ▏ 478 MB/637 MB  3.9 MB/s     40spulling manifest 
pulling 2af3b81862c6:  75% ▕█████████████     ▏ 478 MB/637 MB  3.9 MB/s     40spulling manifest 
pulling 2af3b81862c6:  75% ▕█████████████     ▏ 479 MB/637 MB  3.9 MB/s     40spulling manifest 
pulling 2af3b81862c6:  75% ▕█████████████     ▏ 479 MB/637 MB  3.9 MB/s     40spulling manifest 
pulling 2af3b81862c6:  75% ▕█████████████     ▏ 479 MB/637 MB  3.9 MB/s     40spulling manifest 
pulling 2af3b81862c6:  75% ▕█████████████     ▏ 480 MB/637 MB  3.9 MB/s     40spulling manifest 
pulling 2af3b81862c6:  75% ▕█████████████     ▏ 480 MB/637 MB  3.6 MB/s     43spulling manifest 
pulling 2af3b81862c6:  75% ▕█████████████     ▏ 480 MB/637 MB  3.6 MB/s     43spulling manifest 
pulling 2af3b81862c6:  75% ▕█████████████     ▏ 481 MB/637 MB  3.6 MB/s     43spulling manifest 
pulling 2af3b81862c6:  76% ▕█████████████     ▏ 481 MB/637 MB  3.6 MB/s     43spulling manifest 
pulling 2af3b81862c6:  76% ▕█████████████     ▏ 481 MB/637 MB  3.6 MB/s     43spulling manifest 
pulling 2af3b81862c6:  76% ▕█████████████     ▏ 482 MB/637 MB  3.6 MB/s     43spulling manifest 
pulling 2af3b81862c6:  76% ▕█████████████     ▏ 482 MB/637 MB  3.6 MB/s     43spulling manifest 
pulling 2af3b81862c6:  76% ▕█████████████     ▏ 482 MB/637 MB  3.6 MB/s     43spulling manifest 
pulling 2af3b81862c6:  76% ▕█████████████     ▏ 483 MB/637 MB  3.6 MB/s     42spulling manifest 
pulling 2af3b81862c6:  76% ▕█████████████     ▏ 483 MB/637 MB  3.6 MB/s     42spulling manifest 
pulling 2af3b81862c6:  76% ▕█████████████     ▏ 483 MB/637 MB  3.4 MB/s     45spulling manifest 
pulling 2af3b81862c6:  76% ▕█████████████     ▏ 483 MB/637 MB  3.4 MB/s     45spulling manifest 
pulling 2af3b81862c6:  76% ▕█████████████     ▏ 484 MB/637 MB  3.4 MB/s     44spulling manifest 
pulling 2af3b81862c6:  76% ▕█████████████     ▏ 484 MB/637 MB  3.4 MB/s     44spulling manifest 
pulling 2af3b81862c6:  76% ▕█████████████     ▏ 484 MB/637 MB  3.4 MB/s     44spulling manifest 
pulling 2af3b81862c6:  76% ▕█████████████     ▏ 485 MB/637 MB  3.4 MB/s     44spulling manifest 
pulling 2af3b81862c6:  76% ▕█████████████     ▏ 485 MB/637 MB  3.4 MB/s     44spulling manifest 
pulling 2af3b81862c6:  76% ▕█████████████     ▏ 485 MB/637 MB  3.4 MB/s     44spulling manifest 
pulling 2af3b81862c6:  76% ▕█████████████     ▏ 486 MB/637 MB  3.4 MB/s     44spulling manifest 
pulling 2af3b81862c6:  76% ▕█████████████     ▏ 486 MB/637 MB  3.4 MB/s     44spulling manifest 
pulling 2af3b81862c6:  76% ▕█████████████     ▏ 487 MB/637 MB  3.3 MB/s     45spulling manifest 
pulling 2af3b81862c6:  76% ▕█████████████     ▏ 487 MB/637 MB  3.3 MB/s     45spulling manifest 
pulling 2af3b81862c6:  76% ▕█████████████     ▏ 487 MB/637 MB  3.3 MB/s     45spulling manifest 
pulling 2af3b81862c6:  76% ▕█████████████     ▏ 487 MB/637 MB  3.3 MB/s     45spulling manifest 
pulling 2af3b81862c6:  77% ▕█████████████     ▏ 487 MB/637 MB  3.3 MB/s     45spulling manifest 
pulling 2af3b81862c6:  77% ▕█████████████     ▏ 488 MB/637 MB  3.3 MB/s     45spulling manifest 
pulling 2af3b81862c6:  77% ▕█████████████     ▏ 488 MB/637 MB  3.3 MB/s     45spulling manifest 
pulling 2af3b81862c6:  77% ▕█████████████     ▏ 488 MB/637 MB  3.3 MB/s     45spulling manifest 
pulling 2af3b81862c6:  77% ▕█████████████     ▏ 488 MB/637 MB  3.3 MB/s     45spulling manifest 
pulling 2af3b81862c6:  77% ▕█████████████     ▏ 488 MB/637 MB  3.3 MB/s     44spulling manifest 
pulling 2af3b81862c6:  77% ▕█████████████     ▏ 488 MB/637 MB  3.3 MB/s     44spulling manifest 
pulling 2af3b81862c6:  77% ▕█████████████     ▏ 489 MB/637 MB  3.2 MB/s     46spulling manifest 
pulling 2af3b81862c6:  77% ▕█████████████     ▏ 489 MB/637 MB  3.2 MB/s     46spulling manifest 
pulling 2af3b81862c6:  77% ▕█████████████     ▏ 490 MB/637 MB  3.2 MB/s     46spulling manifest 
pulling 2af3b81862c6:  77% ▕█████████████     ▏ 490 MB/637 MB  3.2 MB/s     46spulling manifest 
pulling 2af3b81862c6:  77% ▕█████████████     ▏ 490 MB/637 MB  3.2 MB/s     46spulling manifest 
pulling 2af3b81862c6:  77% ▕█████████████     ▏ 491 MB/637 MB  3.2 MB/s     46spulling manifest 
pulling 2af3b81862c6:  77% ▕█████████████     ▏ 491 MB/637 MB  3.2 MB/s     45spulling manifest 
pulling 2af3b81862c6:  77% ▕█████████████     ▏ 492 MB/637 MB  3.2 MB/s     45spulling manifest 
pulling 2af3b81862c6:  77% ▕█████████████     ▏ 492 MB/637 MB  3.2 MB/s     45spulling manifest 
pulling 2af3b81862c6:  77% ▕█████████████     ▏ 492 MB/637 MB  3.2 MB/s     45spulling manifest 
pulling 2af3b81862c6:  77% ▕█████████████     ▏ 493 MB/637 MB  3.2 MB/s     45spulling manifest 
pulling 2af3b81862c6:  77% ▕█████████████     ▏ 493 MB/637 MB  3.2 MB/s     45spulling manifest 
pulling 2af3b81862c6:  77% ▕█████████████     ▏ 493 MB/637 MB  3.2 MB/s     45spulling manifest 
pulling 2af3b81862c6:  77% ▕█████████████     ▏ 493 MB/637 MB  3.2 MB/s     45spulling manifest 
pulling 2af3b81862c6:  77% ▕█████████████     ▏ 493 MB/637 MB  3.2 MB/s     45spulling manifest 
pulling 2af3b81862c6:  77% ▕█████████████     ▏ 493 MB/637 MB  3.2 MB/s     45spulling manifest 
pulling 2af3b81862c6:  78% ▕█████████████     ▏ 494 MB/637 MB  3.2 MB/s     45spulling manifest 
pulling 2af3b81862c6:  78% ▕█████████████     ▏ 494 MB/637 MB  3.2 MB/s     45spulling manifest 
pulling 2af3b81862c6:  78% ▕█████████████     ▏ 494 MB/637 MB  3.2 MB/s     45spulling manifest 
pulling 2af3b81862c6:  78% ▕█████████████     ▏ 494 MB/637 MB  2.9 MB/s     48spulling manifest 
pulling 2af3b81862c6:  78% ▕█████████████     ▏ 494 MB/637 MB  2.9 MB/s     48spulling manifest 
pulling 2af3b81862c6:  78% ▕█████████████     ▏ 494 MB/637 MB  2.9 MB/s     48spulling manifest 
pulling 2af3b81862c6:  78% ▕█████████████     ▏ 495 MB/637 MB  2.9 MB/s     48spulling manifest 
pulling 2af3b81862c6:  78% ▕█████████████     ▏ 495 MB/637 MB  2.9 MB/s     48spulling manifest 
pulling 2af3b81862c6:  78% ▕█████████████     ▏ 495 MB/637 MB  2.9 MB/s     48spulling manifest 
pulling 2af3b81862c6:  78% ▕██████████████    ▏ 496 MB/637 MB  2.9 MB/s     47spulling manifest 
pulling 2af3b81862c6:  78% ▕██████████████    ▏ 496 MB/637 MB  2.9 MB/s     47spulling manifest 
pulling 2af3b81862c6:  78% ▕██████████████    ▏ 497 MB/637 MB  2.9 MB/s     47spulling manifest 
pulling 2af3b81862c6:  78% ▕██████████████    ▏ 497 MB/637 MB  2.9 MB/s     47spulling manifest 
pulling 2af3b81862c6:  78% ▕██████████████    ▏ 498 MB/637 MB  2.9 MB/s     47spulling manifest 
pulling 2af3b81862c6:  78% ▕██████████████    ▏ 498 MB/637 MB  3.0 MB/s     46spulling manifest 
pulling 2af3b81862c6:  78% ▕██████████████    ▏ 498 MB/637 MB  3.0 MB/s     46spulling manifest 
pulling 2af3b81862c6:  78% ▕██████████████    ▏ 499 MB/637 MB  3.0 MB/s     46spulling manifest 
pulling 2af3b81862c6:  78% ▕██████████████    ▏ 499 MB/637 MB  3.0 MB/s     45spulling manifest 
pulling 2af3b81862c6:  78% ▕██████████████    ▏ 500 MB/637 MB  3.0 MB/s     45spulling manifest 
pulling 2af3b81862c6:  78% ▕██████████████    ▏ 500 MB/637 MB  3.0 MB/s     45spulling manifest 
pulling 2af3b81862c6:  79% ▕██████████████    ▏ 500 MB/637 MB  3.0 MB/s     45spulling manifest 
pulling 2af3b81862c6:  79% ▕██████████████    ▏ 501 MB/637 MB  3.0 MB/s     45spulling manifest 
pulling 2af3b81862c6:  79% ▕██████████████    ▏ 501 MB/637 MB  3.0 MB/s     45spulling manifest 
pulling 2af3b81862c6:  79% ▕██████████████    ▏ 502 MB/637 MB  3.0 MB/s     45spulling manifest 
pulling 2af3b81862c6:  79% ▕██████████████    ▏ 502 MB/637 MB  3.0 MB/s     44spulling manifest 
pulling 2af3b81862c6:  79% ▕██████████████    ▏ 503 MB/637 MB  3.0 MB/s     44spulling manifest 
pulling 2af3b81862c6:  79% ▕██████████████    ▏ 503 MB/637 MB  3.0 MB/s     44spulling manifest 
pulling 2af3b81862c6:  79% ▕██████████████    ▏ 504 MB/637 MB  3.0 MB/s     44spulling manifest 
pulling 2af3b81862c6:  79% ▕██████████████    ▏ 504 MB/637 MB  3.0 MB/s     44spulling manifest 
pulling 2af3b81862c6:  79% ▕██████████████    ▏ 504 MB/637 MB  3.0 MB/s     44spulling manifest 
pulling 2af3b81862c6:  79% ▕██████████████    ▏ 505 MB/637 MB  3.0 MB/s     43spulling manifest 
pulling 2af3b81862c6:  79% ▕██████████████    ▏ 505 MB/637 MB  3.0 MB/s     43spulling manifest 
pulling 2af3b81862c6:  79% ▕██████████████    ▏ 506 MB/637 MB  3.0 MB/s     43spulling manifest 
pulling 2af3b81862c6:  79% ▕██████████████    ▏ 506 MB/637 MB  3.0 MB/s     43spulling manifest 
pulling 2af3b81862c6:  80% ▕██████████████    ▏ 507 MB/637 MB  3.0 MB/s     43spulling manifest 
pulling 2af3b81862c6:  80% ▕██████████████    ▏ 507 MB/637 MB  3.3 MB/s     39spulling manifest 
pulling 2af3b81862c6:  80% ▕██████████████    ▏ 508 MB/637 MB  3.3 MB/s     39spulling manifest 
pulling 2af3b81862c6:  80% ▕██████████████    ▏ 508 MB/637 MB  3.3 MB/s     39spulling manifest 
pulling 2af3b81862c6:  80% ▕██████████████    ▏ 508 MB/637 MB  3.3 MB/s     39spulling manifest 
pulling 2af3b81862c6:  80% ▕██████████████    ▏ 509 MB/637 MB  3.3 MB/s     38spulling manifest 
pulling 2af3b81862c6:  80% ▕██████████████    ▏ 509 MB/637 MB  3.3 MB/s     38spulling manifest 
pulling 2af3b81862c6:  80% ▕██████████████    ▏ 510 MB/637 MB  3.3 MB/s     38spulling manifest 
pulling 2af3b81862c6:  80% ▕██████████████    ▏ 510 MB/637 MB  3.3 MB/s     38spulling manifest 
pulling 2af3b81862c6:  80% ▕██████████████    ▏ 511 MB/637 MB  3.3 MB/s     38spulling manifest 
pulling 2af3b81862c6:  80% ▕██████████████    ▏ 511 MB/637 MB  3.3 MB/s     38spulling manifest 
pulling 2af3b81862c6:  80% ▕██████████████    ▏ 512 MB/637 MB  3.5 MB/s     35spulling manifest 
pulling 2af3b81862c6:  80% ▕██████████████    ▏ 512 MB/637 MB  3.5 MB/s     35spulling manifest 
pulling 2af3b81862c6:  80% ▕██████████████    ▏ 513 MB/637 MB  3.5 MB/s     35spulling manifest 
pulling 2af3b81862c6:  81% ▕██████████████    ▏ 513 MB/637 MB  3.5 MB/s     35spulling manifest 
pulling 2af3b81862c6:  81% ▕██████████████    ▏ 513 MB/637 MB  3.5 MB/s     35spulling manifest 
pulling 2af3b81862c6:  81% ▕██████████████    ▏ 514 MB/637 MB  3.5 MB/s     35spulling manifest 
pulling 2af3b81862c6:  81% ▕██████████████    ▏ 515 MB/637 MB  3.5 MB/s     35spulling manifest 
pulling 2af3b81862c6:  81% ▕██████████████    ▏ 515 MB/637 MB  3.5 MB/s     34spulling manifest 
pulling 2af3b81862c6:  81% ▕██████████████    ▏ 516 MB/637 MB  3.5 MB/s     34spulling manifest 
pulling 2af3b81862c6:  81% ▕██████████████    ▏ 516 MB/637 MB  3.5 MB/s     34spulling manifest 
pulling 2af3b81862c6:  81% ▕██████████████    ▏ 517 MB/637 MB  3.8 MB/s     32spulling manifest 
pulling 2af3b81862c6:  81% ▕██████████████    ▏ 517 MB/637 MB  3.8 MB/s     31spulling manifest 
pulling 2af3b81862c6:  81% ▕██████████████    ▏ 518 MB/637 MB  3.8 MB/s     31spulling manifest 
pulling 2af3b81862c6:  81% ▕██████████████    ▏ 518 MB/637 MB  3.8 MB/s     31spulling manifest 
pulling 2af3b81862c6:  81% ▕██████████████    ▏ 519 MB/637 MB  3.8 MB/s     31spulling manifest 
pulling 2af3b81862c6:  82% ▕██████████████    ▏ 520 MB/637 MB  3.8 MB/s     31spulling manifest 
pulling 2af3b81862c6:  82% ▕██████████████    ▏ 520 MB/637 MB  3.8 MB/s     31spulling manifest 
pulling 2af3b81862c6:  82% ▕██████████████    ▏ 520 MB/637 MB  3.8 MB/s     31spulling manifest 
pulling 2af3b81862c6:  82% ▕██████████████    ▏ 521 MB/637 MB  3.8 MB/s     30spulling manifest 
pulling 2af3b81862c6:  82% ▕██████████████    ▏ 521 MB/637 MB  3.8 MB/s     30spulling manifest 
pulling 2af3b81862c6:  82% ▕██████████████    ▏ 522 MB/637 MB  3.9 MB/s     29spulling manifest 
pulling 2af3b81862c6:  82% ▕██████████████    ▏ 522 MB/637 MB  3.9 MB/s     29spulling manifest 
pulling 2af3b81862c6:  82% ▕██████████████    ▏ 523 MB/637 MB  3.9 MB/s     29spulling manifest 
pulling 2af3b81862c6:  82% ▕██████████████    ▏ 523 MB/637 MB  3.9 MB/s     29spulling manifest 
pulling 2af3b81862c6:  82% ▕██████████████    ▏ 524 MB/637 MB  3.9 MB/s     28spulling manifest 
pulling 2af3b81862c6:  82% ▕██████████████    ▏ 524 MB/637 MB  3.9 MB/s     28spulling manifest 
pulling 2af3b81862c6:  82% ▕██████████████    ▏ 525 MB/637 MB  3.9 MB/s     28spulling manifest 
pulling 2af3b81862c6:  82% ▕██████████████    ▏ 525 MB/637 MB  3.9 MB/s     28spulling manifest 
pulling 2af3b81862c6:  82% ▕██████████████    ▏ 525 MB/637 MB  3.9 MB/s     28spulling manifest 
pulling 2af3b81862c6:  83% ▕██████████████    ▏ 526 MB/637 MB  3.9 MB/s     28spulling manifest 
pulling 2af3b81862c6:  83% ▕██████████████    ▏ 527 MB/637 MB  4.2 MB/s     26spulling manifest 
pulling 2af3b81862c6:  83% ▕██████████████    ▏ 527 MB/637 MB  4.2 MB/s     26spulling manifest 
pulling 2af3b81862c6:  83% ▕██████████████    ▏ 528 MB/637 MB  4.2 MB/s     25spulling manifest 
pulling 2af3b81862c6:  83% ▕██████████████    ▏ 528 MB/637 MB  4.2 MB/s     25spulling manifest 
pulling 2af3b81862c6:  83% ▕██████████████    ▏ 528 MB/637 MB  4.2 MB/s     25spulling manifest 
pulling 2af3b81862c6:  83% ▕██████████████    ▏ 529 MB/637 MB  4.2 MB/s     25spulling manifest 
pulling 2af3b81862c6:  83% ▕██████████████    ▏ 529 MB/637 MB  4.2 MB/s     25spulling manifest 
pulling 2af3b81862c6:  83% ▕██████████████    ▏ 530 MB/637 MB  4.2 MB/s     25spulling manifest 
pulling 2af3b81862c6:  83% ▕██████████████    ▏ 530 MB/637 MB  4.2 MB/s     25spulling manifest 
pulling 2af3b81862c6:  83% ▕██████████████    ▏ 531 MB/637 MB  4.2 MB/s     25spulling manifest 
pulling 2af3b81862c6:  83% ▕███████████████   ▏ 531 MB/637 MB  4.2 MB/s     25spulling manifest 
pulling 2af3b81862c6:  83% ▕███████████████   ▏ 532 MB/637 MB  4.3 MB/s     24spulling manifest 
pulling 2af3b81862c6:  84% ▕███████████████   ▏ 532 MB/637 MB  4.3 MB/s     24spulling manifest 
pulling 2af3b81862c6:  84% ▕███████████████   ▏ 532 MB/637 MB  4.3 MB/s     24spulling manifest 
pulling 2af3b81862c6:  84% ▕███████████████   ▏ 533 MB/637 MB  4.3 MB/s     24spulling manifest 
pulling 2af3b81862c6:  84% ▕███████████████   ▏ 533 MB/637 MB  4.3 MB/s     24spulling manifest 
pulling 2af3b81862c6:  84% ▕███████████████   ▏ 534 MB/637 MB  4.3 MB/s     24spulling manifest 
pulling 2af3b81862c6:  84% ▕███████████████   ▏ 534 MB/637 MB  4.3 MB/s     23spulling manifest 
pulling 2af3b81862c6:  84% ▕███████████████   ▏ 535 MB/637 MB  4.3 MB/s     23spulling manifest 
pulling 2af3b81862c6:  84% ▕███████████████   ▏ 535 MB/637 MB  4.3 MB/s     23spulling manifest 
pulling 2af3b81862c6:  84% ▕███████████████   ▏ 535 MB/637 MB  4.3 MB/s     23spulling manifest 
pulling 2af3b81862c6:  84% ▕███████████████   ▏ 536 MB/637 MB  4.6 MB/s     21spulling manifest 
pulling 2af3b81862c6:  84% ▕███████████████   ▏ 536 MB/637 MB  4.6 MB/s     21spulling manifest 
pulling 2af3b81862c6:  84% ▕███████████████   ▏ 537 MB/637 MB  4.6 MB/s     21spulling manifest 
pulling 2af3b81862c6:  84% ▕███████████████   ▏ 538 MB/637 MB  4.6 MB/s     21spulling manifest 
pulling 2af3b81862c6:  84% ▕███████████████   ▏ 538 MB/637 MB  4.6 MB/s     21spulling manifest 
pulling 2af3b81862c6:  85% ▕███████████████   ▏ 538 MB/637 MB  4.6 MB/s     21spulling manifest 
pulling 2af3b81862c6:  85% ▕███████████████   ▏ 539 MB/637 MB  4.6 MB/s     21spulling manifest 
pulling 2af3b81862c6:  85% ▕███████████████   ▏ 539 MB/637 MB  4.6 MB/s     21spulling manifest 
pulling 2af3b81862c6:  85% ▕███████████████   ▏ 539 MB/637 MB  4.6 MB/s     21spulling manifest 
pulling 2af3b81862c6:  85% ▕███████████████   ▏ 540 MB/637 MB  4.6 MB/s     20spulling manifest 
pulling 2af3b81862c6:  85% ▕███████████████   ▏ 540 MB/637 MB  4.7 MB/s     20spulling manifest 
pulling 2af3b81862c6:  85% ▕███████████████   ▏ 541 MB/637 MB  4.7 MB/s     20spulling manifest 
pulling 2af3b81862c6:  85% ▕███████████████   ▏ 541 MB/637 MB  4.7 MB/s     20spulling manifest 
pulling 2af3b81862c6:  85% ▕███████████████   ▏ 542 MB/637 MB  4.7 MB/s     20spulling manifest 
pulling 2af3b81862c6:  85% ▕███████████████   ▏ 542 MB/637 MB  4.7 MB/s     20spulling manifest 
pulling 2af3b81862c6:  85% ▕███████████████   ▏ 543 MB/637 MB  4.7 MB/s     20spulling manifest 
pulling 2af3b81862c6:  85% ▕███████████████   ▏ 543 MB/637 MB  4.7 MB/s     20spulling manifest 
pulling 2af3b81862c6:  85% ▕███████████████   ▏ 544 MB/637 MB  4.7 MB/s     19spulling manifest 
pulling 2af3b81862c6:  85% ▕███████████████   ▏ 544 MB/637 MB  4.7 MB/s     19spulling manifest 
pulling 2af3b81862c6:  85% ▕███████████████   ▏ 544 MB/637 MB  4.7 MB/s     19spulling manifest 
pulling 2af3b81862c6:  86% ▕███████████████   ▏ 545 MB/637 MB  4.8 MB/s     19spulling manifest 
pulling 2af3b81862c6:  86% ▕███████████████   ▏ 545 MB/637 MB  4.8 MB/s     19spulling manifest 
pulling 2af3b81862c6:  86% ▕███████████████   ▏ 546 MB/637 MB  4.8 MB/s     19spulling manifest 
pulling 2af3b81862c6:  86% ▕███████████████   ▏ 546 MB/637 MB  4.8 MB/s     19spulling manifest 
pulling 2af3b81862c6:  86% ▕███████████████   ▏ 547 MB/637 MB  4.8 MB/s     19spulling manifest 
pulling 2af3b81862c6:  86% ▕███████████████   ▏ 547 MB/637 MB  4.8 MB/s     19spulling manifest 
pulling 2af3b81862c6:  86% ▕███████████████   ▏ 547 MB/637 MB  4.8 MB/s     18spulling manifest 
pulling 2af3b81862c6:  86% ▕███████████████   ▏ 548 MB/637 MB  4.8 MB/s     18spulling manifest 
pulling 2af3b81862c6:  86% ▕███████████████   ▏ 548 MB/637 MB  4.8 MB/s     18spulling manifest 
pulling 2af3b81862c6:  86% ▕███████████████   ▏ 548 MB/637 MB  4.8 MB/s     18spulling manifest 
pulling 2af3b81862c6:  86% ▕███████████████   ▏ 549 MB/637 MB  4.7 MB/s     18spulling manifest 
pulling 2af3b81862c6:  86% ▕███████████████   ▏ 549 MB/637 MB  4.7 MB/s     18spulling manifest 
pulling 2af3b81862c6:  86% ▕███████████████   ▏ 549 MB/637 MB  4.7 MB/s     18spulling manifest 
pulling 2af3b81862c6:  86% ▕███████████████   ▏ 550 MB/637 MB  4.7 MB/s     18spulling manifest 
pulling 2af3b81862c6:  86% ▕███████████████   ▏ 550 MB/637 MB  4.7 MB/s     18spulling manifest 
pulling 2af3b81862c6:  86% ▕███████████████   ▏ 550 MB/637 MB  4.7 MB/s     18spulling manifest 
pulling 2af3b81862c6:  86% ▕███████████████   ▏ 550 MB/637 MB  4.7 MB/s     18spulling manifest 
pulling 2af3b81862c6:  86% ▕███████████████   ▏ 551 MB/637 MB  4.7 MB/s     18spulling manifest 
pulling 2af3b81862c6:  86% ▕███████████████   ▏ 551 MB/637 MB  4.7 MB/s     18spulling manifest 
pulling 2af3b81862c6:  87% ▕███████████████   ▏ 551 MB/637 MB  4.7 MB/s     18spulling manifest 
pulling 2af3b81862c6:  87% ▕███████████████   ▏ 552 MB/637 MB  4.7 MB/s     18spulling manifest 
pulling 2af3b81862c6:  87% ▕███████████████   ▏ 552 MB/637 MB  4.5 MB/s     18spulling manifest 
pulling 2af3b81862c6:  87% ▕███████████████   ▏ 552 MB/637 MB  4.5 MB/s     18spulling manifest 
pulling 2af3b81862c6:  87% ▕███████████████   ▏ 552 MB/637 MB  4.5 MB/s     18spulling manifest 
pulling 2af3b81862c6:  87% ▕███████████████   ▏ 553 MB/637 MB  4.5 MB/s     18spulling manifest 
pulling 2af3b81862c6:  87% ▕███████████████   ▏ 554 MB/637 MB  4.5 MB/s     18spulling manifest 
pulling 2af3b81862c6:  87% ▕███████████████   ▏ 554 MB/637 MB  4.5 MB/s     18spulling manifest 
pulling 2af3b81862c6:  87% ▕███████████████   ▏ 554 MB/637 MB  4.5 MB/s     18spulling manifest 
pulling 2af3b81862c6:  87% ▕███████████████   ▏ 555 MB/637 MB  4.5 MB/s     18spulling manifest 
pulling 2af3b81862c6:  87% ▕███████████████   ▏ 555 MB/637 MB  4.5 MB/s     18spulling manifest 
pulling 2af3b81862c6:  87% ▕███████████████   ▏ 555 MB/637 MB  4.5 MB/s     18spulling manifest 
pulling 2af3b81862c6:  87% ▕███████████████   ▏ 556 MB/637 MB  4.3 MB/s     19spulling manifest 
pulling 2af3b81862c6:  87% ▕███████████████   ▏ 556 MB/637 MB  4.3 MB/s     18spulling manifest 
pulling 2af3b81862c6:  87% ▕███████████████   ▏ 556 MB/637 MB  4.3 MB/s     18spulling manifest 
pulling 2af3b81862c6:  87% ▕███████████████   ▏ 557 MB/637 MB  4.3 MB/s     18spulling manifest 
pulling 2af3b81862c6:  87% ▕███████████████   ▏ 557 MB/637 MB  4.3 MB/s     18spulling manifest 
pulling 2af3b81862c6:  87% ▕███████████████   ▏ 557 MB/637 MB  4.3 MB/s     18spulling manifest 
pulling 2af3b81862c6:  88% ▕███████████████   ▏ 558 MB/637 MB  4.3 MB/s     18spulling manifest 
pulling 2af3b81862c6:  88% ▕███████████████   ▏ 558 MB/637 MB  4.3 MB/s     18spulling manifest 
pulling 2af3b81862c6:  88% ▕███████████████   ▏ 558 MB/637 MB  4.3 MB/s     18spulling manifest 
pulling 2af3b81862c6:  88% ▕███████████████   ▏ 559 MB/637 MB  4.3 MB/s     18spulling manifest 
pulling 2af3b81862c6:  88% ▕███████████████   ▏ 559 MB/637 MB  4.2 MB/s     18spulling manifest 
pulling 2af3b81862c6:  88% ▕███████████████   ▏ 560 MB/637 MB  4.2 MB/s     18spulling manifest 
pulling 2af3b81862c6:  88% ▕███████████████   ▏ 560 MB/637 MB  4.2 MB/s     18spulling manifest 
pulling 2af3b81862c6:  88% ▕███████████████   ▏ 560 MB/637 MB  4.2 MB/s     18spulling manifest 
pulling 2af3b81862c6:  88% ▕███████████████   ▏ 561 MB/637 MB  4.2 MB/s     18spulling manifest 
pulling 2af3b81862c6:  88% ▕███████████████   ▏ 561 MB/637 MB  4.2 MB/s     18spulling manifest 
pulling 2af3b81862c6:  88% ▕███████████████   ▏ 561 MB/637 MB  4.2 MB/s     18spulling manifest 
pulling 2af3b81862c6:  88% ▕███████████████   ▏ 562 MB/637 MB  4.2 MB/s     18spulling manifest 
pulling 2af3b81862c6:  88% ▕███████████████   ▏ 562 MB/637 MB  4.2 MB/s     18spulling manifest 
pulling 2af3b81862c6:  88% ▕███████████████   ▏ 562 MB/637 MB  4.2 MB/s     17spulling manifest 
pulling 2af3b81862c6:  88% ▕███████████████   ▏ 563 MB/637 MB  4.1 MB/s     18spulling manifest 
pulling 2af3b81862c6:  88% ▕███████████████   ▏ 564 MB/637 MB  4.1 MB/s     18spulling manifest 
pulling 2af3b81862c6:  89% ▕███████████████   ▏ 564 MB/637 MB  4.1 MB/s     18spulling manifest 
pulling 2af3b81862c6:  89% ▕███████████████   ▏ 564 MB/637 MB  4.1 MB/s     17spulling manifest 
pulling 2af3b81862c6:  89% ▕███████████████   ▏ 565 MB/637 MB  4.1 MB/s     17spulling manifest 
pulling 2af3b81862c6:  89% ▕███████████████   ▏ 565 MB/637 MB  4.1 MB/s     17spulling manifest 
pulling 2af3b81862c6:  89% ▕███████████████   ▏ 566 MB/637 MB  4.1 MB/s     17spulling manifest 
pulling 2af3b81862c6:  89% ▕███████████████   ▏ 566 MB/637 MB  4.1 MB/s     17spulling manifest 
pulling 2af3b81862c6:  89% ▕████████████████  ▏ 566 MB/637 MB  4.1 MB/s     17spulling manifest 
pulling 2af3b81862c6:  89% ▕████████████████  ▏ 567 MB/637 MB  4.1 MB/s     17spulling manifest 
pulling 2af3b81862c6:  89% ▕████████████████  ▏ 568 MB/637 MB  4.0 MB/s     17spulling manifest 
pulling 2af3b81862c6:  89% ▕████████████████  ▏ 568 MB/637 MB  4.0 MB/s     17spulling manifest 
pulling 2af3b81862c6:  89% ▕████████████████  ▏ 568 MB/637 MB  4.0 MB/s     17spulling manifest 
pulling 2af3b81862c6:  89% ▕████████████████  ▏ 569 MB/637 MB  4.0 MB/s     17spulling manifest 
pulling 2af3b81862c6:  89% ▕████████████████  ▏ 569 MB/637 MB  4.0 MB/s     17spulling manifest 
pulling 2af3b81862c6:  89% ▕████████████████  ▏ 570 MB/637 MB  4.0 MB/s     16spulling manifest 
pulling 2af3b81862c6:  89% ▕████████████████  ▏ 570 MB/637 MB  4.0 MB/s     16spulling manifest 
pulling 2af3b81862c6:  89% ▕████████████████  ▏ 570 MB/637 MB  4.0 MB/s     16spulling manifest 
pulling 2af3b81862c6:  90% ▕████████████████  ▏ 570 MB/637 MB  4.0 MB/s     16spulling manifest 
pulling 2af3b81862c6:  90% ▕████████████████  ▏ 571 MB/637 MB  4.0 MB/s     16spulling manifest 
pulling 2af3b81862c6:  90% ▕████████████████  ▏ 571 MB/637 MB  4.0 MB/s     16spulling manifest 
pulling 2af3b81862c6:  90% ▕████████████████  ▏ 571 MB/637 MB  3.9 MB/s     16spulling manifest 
pulling 2af3b81862c6:  90% ▕████████████████  ▏ 571 MB/637 MB  3.9 MB/s     16spulling manifest 
pulling 2af3b81862c6:  90% ▕████████████████  ▏ 572 MB/637 MB  3.9 MB/s     16spulling manifest 
pulling 2af3b81862c6:  90% ▕████████████████  ▏ 572 MB/637 MB  3.9 MB/s     16spulling manifest 
pulling 2af3b81862c6:  90% ▕████████████████  ▏ 573 MB/637 MB  3.9 MB/s     16spulling manifest 
pulling 2af3b81862c6:  90% ▕████████████████  ▏ 573 MB/637 MB  3.9 MB/s     16spulling manifest 
pulling 2af3b81862c6:  90% ▕████████████████  ▏ 574 MB/637 MB  3.9 MB/s     16spulling manifest 
pulling 2af3b81862c6:  90% ▕████████████████  ▏ 574 MB/637 MB  3.9 MB/s     16spulling manifest 
pulling 2af3b81862c6:  90% ▕████████████████  ▏ 575 MB/637 MB  3.9 MB/s     16spulling manifest 
pulling 2af3b81862c6:  90% ▕████████████████  ▏ 575 MB/637 MB  3.9 MB/s     15spulling manifest 
pulling 2af3b81862c6:  90% ▕████████████████  ▏ 576 MB/637 MB  3.9 MB/s     15spulling manifest 
pulling 2af3b81862c6:  90% ▕████████████████  ▏ 576 MB/637 MB  3.9 MB/s     15spulling manifest 
pulling 2af3b81862c6:  90% ▕████████████████  ▏ 577 MB/637 MB  3.9 MB/s     15spulling manifest 
pulling 2af3b81862c6:  91% ▕████████████████  ▏ 577 MB/637 MB  3.9 MB/s     15spulling manifest 
pulling 2af3b81862c6:  91% ▕████████████████  ▏ 577 MB/637 MB  3.9 MB/s     15spulling manifest 
pulling 2af3b81862c6:  91% ▕████████████████  ▏ 578 MB/637 MB  3.9 MB/s     15spulling manifest 
pulling 2af3b81862c6:  91% ▕████████████████  ▏ 579 MB/637 MB  3.9 MB/s     14spulling manifest 
pulling 2af3b81862c6:  91% ▕████████████████  ▏ 579 MB/637 MB  3.9 MB/s     14spulling manifest 
pulling 2af3b81862c6:  91% ▕████████████████  ▏ 579 MB/637 MB  3.9 MB/s     14spulling manifest 
pulling 2af3b81862c6:  91% ▕████████████████  ▏ 579 MB/637 MB  3.9 MB/s     14spulling manifest 
pulling 2af3b81862c6:  91% ▕████████████████  ▏ 580 MB/637 MB  3.9 MB/s     14spulling manifest 
pulling 2af3b81862c6:  91% ▕████████████████  ▏ 580 MB/637 MB  3.9 MB/s     14spulling manifest 
pulling 2af3b81862c6:  91% ▕████████████████  ▏ 581 MB/637 MB  3.9 MB/s     14spulling manifest 
pulling 2af3b81862c6:  91% ▕████████████████  ▏ 581 MB/637 MB  3.9 MB/s     14spulling manifest 
pulling 2af3b81862c6:  91% ▕████████████████  ▏ 581 MB/637 MB  3.9 MB/s     14spulling manifest 
pulling 2af3b81862c6:  91% ▕████████████████  ▏ 582 MB/637 MB  3.9 MB/s     14spulling manifest 
pulling 2af3b81862c6:  91% ▕████████████████  ▏ 582 MB/637 MB  3.9 MB/s     14spulling manifest 
pulling 2af3b81862c6:  91% ▕████████████████  ▏ 582 MB/637 MB  3.9 MB/s     14spulling manifest 
pulling 2af3b81862c6:  91% ▕████████████████  ▏ 583 MB/637 MB  3.9 MB/s     14spulling manifest 
pulling 2af3b81862c6:  92% ▕████████████████  ▏ 583 MB/637 MB  3.9 MB/s     14spulling manifest 
pulling 2af3b81862c6:  92% ▕████████████████  ▏ 584 MB/637 MB  3.9 MB/s     13spulling manifest 
pulling 2af3b81862c6:  92% ▕████████████████  ▏ 584 MB/637 MB  3.9 MB/s     13spulling manifest 
pulling 2af3b81862c6:  92% ▕████████████████  ▏ 584 MB/637 MB  3.9 MB/s     13spulling manifest 
pulling 2af3b81862c6:  92% ▕████████████████  ▏ 585 MB/637 MB  3.9 MB/s     13spulling manifest 
pulling 2af3b81862c6:  92% ▕████████████████  ▏ 586 MB/637 MB  3.9 MB/s     13spulling manifest 
pulling 2af3b81862c6:  92% ▕████████████████  ▏ 586 MB/637 MB  3.9 MB/s     13spulling manifest 
pulling 2af3b81862c6:  92% ▕████████████████  ▏ 586 MB/637 MB  3.9 MB/s     13spulling manifest 
pulling 2af3b81862c6:  92% ▕████████████████  ▏ 587 MB/637 MB  3.9 MB/s     13spulling manifest 
pulling 2af3b81862c6:  92% ▕████████████████  ▏ 587 MB/637 MB  3.9 MB/s     12spulling manifest 
pulling 2af3b81862c6:  92% ▕████████████████  ▏ 588 MB/637 MB  3.9 MB/s     12spulling manifest 
pulling 2af3b81862c6:  92% ▕████████████████  ▏ 588 MB/637 MB  4.1 MB/s     11spulling manifest 
pulling 2af3b81862c6:  92% ▕████████████████  ▏ 589 MB/637 MB  4.1 MB/s     11spulling manifest 
pulling 2af3b81862c6:  92% ▕████████████████  ▏ 589 MB/637 MB  4.1 MB/s     11spulling manifest 
pulling 2af3b81862c6:  93% ▕████████████████  ▏ 590 MB/637 MB  4.1 MB/s     11spulling manifest 
pulling 2af3b81862c6:  93% ▕████████████████  ▏ 590 MB/637 MB  4.1 MB/s     11spulling manifest 
pulling 2af3b81862c6:  93% ▕████████████████  ▏ 591 MB/637 MB  4.1 MB/s     11spulling manifest 
pulling 2af3b81862c6:  93% ▕████████████████  ▏ 592 MB/637 MB  4.1 MB/s     11spulling manifest 
pulling 2af3b81862c6:  93% ▕████████████████  ▏ 592 MB/637 MB  4.1 MB/s     11spulling manifest 
pulling 2af3b81862c6:  93% ▕████████████████  ▏ 592 MB/637 MB  4.1 MB/s     11spulling manifest 
pulling 2af3b81862c6:  93% ▕████████████████  ▏ 593 MB/637 MB  4.1 MB/s     10spulling manifest 
pulling 2af3b81862c6:  93% ▕████████████████  ▏ 593 MB/637 MB  4.1 MB/s     10spulling manifest 
pulling 2af3b81862c6:  93% ▕████████████████  ▏ 594 MB/637 MB  4.3 MB/s     10spulling manifest 
pulling 2af3b81862c6:  93% ▕████████████████  ▏ 595 MB/637 MB  4.3 MB/s     10spulling manifest 
pulling 2af3b81862c6:  93% ▕████████████████  ▏ 595 MB/637 MB  4.3 MB/s      9spulling manifest 
pulling 2af3b81862c6:  93% ▕████████████████  ▏ 595 MB/637 MB  4.3 MB/s      9spulling manifest 
pulling 2af3b81862c6:  94% ▕████████████████  ▏ 596 MB/637 MB  4.3 MB/s      9spulling manifest 
pulling 2af3b81862c6:  94% ▕████████████████  ▏ 596 MB/637 MB  4.3 MB/s      9spulling manifest 
pulling 2af3b81862c6:  94% ▕████████████████  ▏ 597 MB/637 MB  4.3 MB/s      9spulling manifest 
pulling 2af3b81862c6:  94% ▕████████████████  ▏ 597 MB/637 MB  4.3 MB/s      9spulling manifest 
pulling 2af3b81862c6:  94% ▕████████████████  ▏ 598 MB/637 MB  4.3 MB/s      9spulling manifest 
pulling 2af3b81862c6:  94% ▕████████████████  ▏ 598 MB/637 MB  4.3 MB/s      9spulling manifest 
pulling 2af3b81862c6:  94% ▕████████████████  ▏ 599 MB/637 MB  4.4 MB/s      8spulling manifest 
pulling 2af3b81862c6:  94% ▕████████████████  ▏ 599 MB/637 MB  4.4 MB/s      8spulling manifest 
pulling 2af3b81862c6:  94% ▕████████████████  ▏ 600 MB/637 MB  4.4 MB/s      8spulling manifest 
pulling 2af3b81862c6:  94% ▕████████████████  ▏ 601 MB/637 MB  4.4 MB/s      8spulling manifest 
pulling 2af3b81862c6:  94% ▕████████████████  ▏ 601 MB/637 MB  4.4 MB/s      8spulling manifest 
pulling 2af3b81862c6:  94% ▕████████████████  ▏ 602 MB/637 MB  4.4 MB/s      8spulling manifest 
pulling 2af3b81862c6:  95% ▕█████████████████ ▏ 602 MB/637 MB  4.4 MB/s      8spulling manifest 
pulling 2af3b81862c6:  95% ▕█████████████████ ▏ 602 MB/637 MB  4.4 MB/s      7spulling manifest 
pulling 2af3b81862c6:  95% ▕█████████████████ ▏ 603 MB/637 MB  4.4 MB/s      7spulling manifest 
pulling 2af3b81862c6:  95% ▕█████████████████ ▏ 603 MB/637 MB  4.4 MB/s      7spulling manifest 
pulling 2af3b81862c6:  95% ▕█████████████████ ▏ 603 MB/637 MB  4.4 MB/s      7spulling manifest 
pulling 2af3b81862c6:  95% ▕█████████████████ ▏ 604 MB/637 MB  4.4 MB/s      7spulling manifest 
pulling 2af3b81862c6:  95% ▕█████████████████ ▏ 604 MB/637 MB  4.4 MB/s      7spulling manifest 
pulling 2af3b81862c6:  95% ▕█████████████████ ▏ 604 MB/637 MB  4.4 MB/s      7spulling manifest 
pulling 2af3b81862c6:  95% ▕█████████████████ ▏ 605 MB/637 MB  4.4 MB/s      7spulling manifest 
pulling 2af3b81862c6:  95% ▕█████████████████ ▏ 605 MB/637 MB  4.4 MB/s      7spulling manifest 
pulling 2af3b81862c6:  95% ▕█████████████████ ▏ 606 MB/637 MB  4.4 MB/s      7spulling manifest 
pulling 2af3b81862c6:  95% ▕█████████████████ ▏ 606 MB/637 MB  4.4 MB/s      7spulling manifest 
pulling 2af3b81862c6:  95% ▕█████████████████ ▏ 607 MB/637 MB  4.4 MB/s      6spulling manifest 
pulling 2af3b81862c6:  95% ▕█████████████████ ▏ 607 MB/637 MB  4.4 MB/s      6spulling manifest 
pulling 2af3b81862c6:  95% ▕█████████████████ ▏ 608 MB/637 MB  4.5 MB/s      6spulling manifest 
pulling 2af3b81862c6:  95% ▕█████████████████ ▏ 608 MB/637 MB  4.5 MB/s      6spulling manifest 
pulling 2af3b81862c6:  96% ▕█████████████████ ▏ 609 MB/637 MB  4.5 MB/s      6spulling manifest 
pulling 2af3b81862c6:  96% ▕█████████████████ ▏ 609 MB/637 MB  4.5 MB/s      6spulling manifest 
pulling 2af3b81862c6:  96% ▕█████████████████ ▏ 610 MB/637 MB  4.5 MB/s      6spulling manifest 
pulling 2af3b81862c6:  96% ▕█████████████████ ▏ 610 MB/637 MB  4.5 MB/s      5spulling manifest 
pulling 2af3b81862c6:  96% ▕█████████████████ ▏ 611 MB/637 MB  4.5 MB/s      5spulling manifest 
pulling 2af3b81862c6:  96% ▕█████████████████ ▏ 612 MB/637 MB  4.5 MB/s      5spulling manifest 
pulling 2af3b81862c6:  96% ▕█████████████████ ▏ 612 MB/637 MB  4.5 MB/s      5spulling manifest 
pulling 2af3b81862c6:  96% ▕█████████████████ ▏ 612 MB/637 MB  4.5 MB/s      5spulling manifest 
pulling 2af3b81862c6:  96% ▕█████████████████ ▏ 613 MB/637 MB  4.7 MB/s      5spulling manifest 
pulling 2af3b81862c6:  96% ▕█████████████████ ▏ 613 MB/637 MB  4.7 MB/s      5spulling manifest 
pulling 2af3b81862c6:  96% ▕█████████████████ ▏ 614 MB/637 MB  4.7 MB/s      4spulling manifest 
pulling 2af3b81862c6:  96% ▕█████████████████ ▏ 615 MB/637 MB  4.7 MB/s      4spulling manifest 
pulling 2af3b81862c6:  96% ▕█████████████████ ▏ 615 MB/637 MB  4.7 MB/s      4spulling manifest 
pulling 2af3b81862c6:  97% ▕█████████████████ ▏ 615 MB/637 MB  4.7 MB/s      4spulling manifest 
pulling 2af3b81862c6:  97% ▕█████████████████ ▏ 616 MB/637 MB  4.7 MB/s      4spulling manifest 
pulling 2af3b81862c6:  97% ▕█████████████████ ▏ 616 MB/637 MB  4.7 MB/s      4spulling manifest 
pulling 2af3b81862c6:  97% ▕█████████████████ ▏ 617 MB/637 MB  4.7 MB/s      4spulling manifest 
pulling 2af3b81862c6:  97% ▕█████████████████ ▏ 617 MB/637 MB  4.7 MB/s      4spulling manifest 
pulling 2af3b81862c6:  97% ▕█████████████████ ▏ 618 MB/637 MB  4.7 MB/s      4spulling manifest 
pulling 2af3b81862c6:  97% ▕█████████████████ ▏ 618 MB/637 MB  4.7 MB/s      4spulling manifest 
pulling 2af3b81862c6:  97% ▕█████████████████ ▏ 619 MB/637 MB  4.7 MB/s      3spulling manifest 
pulling 2af3b81862c6:  97% ▕█████████████████ ▏ 619 MB/637 MB  4.7 MB/s      3spulling manifest 
pulling 2af3b81862c6:  97% ▕█████████████████ ▏ 620 MB/637 MB  4.7 MB/s      3spulling manifest 
pulling 2af3b81862c6:  97% ▕█████████████████ ▏ 620 MB/637 MB  4.7 MB/s      3spulling manifest 
pulling 2af3b81862c6:  97% ▕█████████████████ ▏ 621 MB/637 MB  4.7 MB/s      3spulling manifest 
pulling 2af3b81862c6:  98% ▕█████████████████ ▏ 621 MB/637 MB  4.7 MB/s      3spulling manifest 
pulling 2af3b81862c6:  98% ▕█████████████████ ▏ 622 MB/637 MB  4.7 MB/s      3spulling manifest 
pulling 2af3b81862c6:  98% ▕█████████████████ ▏ 622 MB/637 MB  4.7 MB/s      3spulling manifest 
pulling 2af3b81862c6:  98% ▕█████████████████ ▏ 623 MB/637 MB  4.7 MB/s      3spulling manifest 
pulling 2af3b81862c6:  98% ▕█████████████████ ▏ 623 MB/637 MB  4.8 MB/s      2spulling manifest 
pulling 2af3b81862c6:  98% ▕█████████████████ ▏ 623 MB/637 MB  4.8 MB/s      2spulling manifest 
pulling 2af3b81862c6:  98% ▕█████████████████ ▏ 624 MB/637 MB  4.8 MB/s      2spulling manifest 
pulling 2af3b81862c6:  98% ▕█████████████████ ▏ 624 MB/637 MB  4.8 MB/s      2spulling manifest 
pulling 2af3b81862c6:  98% ▕█████████████████ ▏ 624 MB/637 MB  4.8 MB/s      2spulling manifest 
pulling 2af3b81862c6:  98% ▕█████████████████ ▏ 625 MB/637 MB  4.8 MB/s      2spulling manifest 
pulling 2af3b81862c6:  98% ▕█████████████████ ▏ 625 MB/637 MB  4.8 MB/s      2spulling manifest 
pulling 2af3b81862c6:  98% ▕█████████████████ ▏ 625 MB/637 MB  4.8 MB/s      2spulling manifest 
pulling 2af3b81862c6:  98% ▕█████████████████ ▏ 625 MB/637 MB  4.8 MB/s      2spulling manifest 
pulling 2af3b81862c6:  98% ▕█████████████████ ▏ 626 MB/637 MB  4.8 MB/s      2spulling manifest 
pulling 2af3b81862c6:  98% ▕█████████████████ ▏ 626 MB/637 MB  4.7 MB/s      2spulling manifest 
pulling 2af3b81862c6:  98% ▕█████████████████ ▏ 626 MB/637 MB  4.7 MB/s      2spulling manifest 
pulling 2af3b81862c6:  98% ▕█████████████████ ▏ 626 MB/637 MB  4.7 MB/s      2spulling manifest 
pulling 2af3b81862c6:  98% ▕█████████████████ ▏ 626 MB/637 MB  4.7 MB/s      2spulling manifest 
pulling 2af3b81862c6:  98% ▕█████████████████ ▏ 627 MB/637 MB  4.7 MB/s      2spulling manifest 
pulling 2af3b81862c6:  98% ▕█████████████████ ▏ 627 MB/637 MB  4.7 MB/s      2spulling manifest 
pulling 2af3b81862c6:  98% ▕█████████████████ ▏ 627 MB/637 MB  4.7 MB/s      2spulling manifest 
pulling 2af3b81862c6:  99% ▕█████████████████ ▏ 628 MB/637 MB  4.7 MB/s      2spulling manifest 
pulling 2af3b81862c6:  99% ▕█████████████████ ▏ 628 MB/637 MB  4.7 MB/s      1spulling manifest 
pulling 2af3b81862c6:  99% ▕█████████████████ ▏ 628 MB/637 MB  4.7 MB/s      1spulling manifest 
pulling 2af3b81862c6:  99% ▕█████████████████ ▏ 629 MB/637 MB  4.5 MB/s      1spulling manifest 
pulling 2af3b81862c6:  99% ▕█████████████████ ▏ 629 MB/637 MB  4.5 MB/s      1spulling manifest 
pulling 2af3b81862c6:  99% ▕█████████████████ ▏ 629 MB/637 MB  4.5 MB/s      1spulling manifest 
pulling 2af3b81862c6:  99% ▕█████████████████ ▏ 630 MB/637 MB  4.5 MB/s      1spulling manifest 
pulling 2af3b81862c6:  99% ▕█████████████████ ▏ 630 MB/637 MB  4.5 MB/s      1spulling manifest 
pulling 2af3b81862c6:  99% ▕█████████████████ ▏ 630 MB/637 MB  4.5 MB/s      1spulling manifest 
pulling 2af3b81862c6:  99% ▕█████████████████ ▏ 630 MB/637 MB  4.5 MB/s      1spulling manifest 
pulling 2af3b81862c6:  99% ▕█████████████████ ▏ 630 MB/637 MB  4.5 MB/s      1spulling manifest 
pulling 2af3b81862c6:  99% ▕█████████████████ ▏ 630 MB/637 MB  4.5 MB/s      1spulling manifest 
pulling 2af3b81862c6:  99% ▕█████████████████ ▏ 631 MB/637 MB  4.5 MB/s      1spulling manifest 
pulling 2af3b81862c6:  99% ▕█████████████████ ▏ 631 MB/637 MB  4.1 MB/s      1spulling manifest 
pulling 2af3b81862c6:  99% ▕█████████████████ ▏ 631 MB/637 MB  4.1 MB/s      1spulling manifest 
pulling 2af3b81862c6:  99% ▕█████████████████ ▏ 631 MB/637 MB  4.1 MB/s      1spulling manifest 
pulling 2af3b81862c6:  99% ▕█████████████████ ▏ 631 MB/637 MB  4.1 MB/s      1spulling manifest 
pulling 2af3b81862c6:  99% ▕█████████████████ ▏ 632 MB/637 MB  4.1 MB/s      1spulling manifest 
pulling 2af3b81862c6:  99% ▕█████████████████ ▏ 632 MB/637 MB  4.1 MB/s      1spulling manifest 
pulling 2af3b81862c6:  99% ▕█████████████████ ▏ 632 MB/637 MB  4.1 MB/s      1spulling manifest 
pulling 2af3b81862c6:  99% ▕█████████████████ ▏ 633 MB/637 MB  4.1 MB/s      1spulling manifest 
pulling 2af3b81862c6:  99% ▕█████████████████ ▏ 633 MB/637 MB  4.1 MB/s      1spulling manifest 
pulling 2af3b81862c6:  99% ▕█████████████████ ▏ 634 MB/637 MB  4.1 MB/s      0spulling manifest 
pulling 2af3b81862c6:  99% ▕█████████████████ ▏ 634 MB/637 MB  4.1 MB/s      0spulling manifest 
pulling 2af3b81862c6: 100% ▕█████████████████ ▏ 634 MB/637 MB  3.9 MB/s      0spulling manifest 
pulling 2af3b81862c6: 100% ▕█████████████████ ▏ 635 MB/637 MB  3.9 MB/s      0spulling manifest 
pulling 2af3b81862c6: 100% ▕█████████████████ ▏ 635 MB/637 MB  3.9 MB/s      0spulling manifest 
pulling 2af3b81862c6: 100% ▕█████████████████ ▏ 636 MB/637 MB  3.9 MB/s      0spulling manifest 
pulling 2af3b81862c6: 100% ▕█████████████████ ▏ 637 MB/637 MB  3.9 MB/s      0spulling manifest 
pulling 2af3b81862c6: 100% ▕█████████████████ ▏ 637 MB/637 MB  3.9 MB/s      0spulling manifest 
pulling 2af3b81862c6: 100% ▕██████████████████▏ 637 MB                         pulling manifest 
pulling 2af3b81862c6: 100% ▕██████████████████▏ 637 MB                         pulling manifest 
pulling 2af3b81862c6: 100% ▕██████████████████▏ 637 MB                         pulling manifest 
pulling 2af3b81862c6: 100% ▕██████████████████▏ 637 MB                         pulling manifest 
pulling 2af3b81862c6: 100% ▕██████████████████▏ 637 MB                         pulling manifest 
pulling 2af3b81862c6: 100% ▕██████████████████▏ 637 MB                         pulling manifest 
pulling 2af3b81862c6: 100% ▕██████████████████▏ 637 MB                         pulling manifest 
pulling 2af3b81862c6: 100% ▕██████████████████▏ 637 MB                         pulling manifest 
pulling 2af3b81862c6: 100% ▕██████████████████▏ 637 MB                         pulling manifest 
pulling 2af3b81862c6: 100% ▕██████████████████▏ 637 MB                         pulling manifest 
pulling 2af3b81862c6: 100% ▕██████████████████▏ 637 MB                         pulling manifest 
pulling 2af3b81862c6: 100% ▕██████████████████▏ 637 MB                         pulling manifest 
pulling 2af3b81862c6: 100% ▕██████████████████▏ 637 MB                         pulling manifest 
pulling 2af3b81862c6: 100% ▕██████████████████▏ 637 MB                         pulling manifest 
pulling 2af3b81862c6: 100% ▕██████████████████▏ 637 MB                         pulling manifest 
pulling 2af3b81862c6: 100% ▕██████████████████▏ 637 MB                         pulling manifest 
pulling 2af3b81862c6: 100% ▕██████████████████▏ 637 MB                         pulling manifest 
pulling 2af3b81862c6: 100% ▕██████████████████▏ 637 MB                         pulling manifest 
pulling 2af3b81862c6: 100% ▕██████████████████▏ 637 MB                         pulling manifest 
pulling 2af3b81862c6: 100% ▕██████████████████▏ 637 MB                         pulling manifest 
pulling 2af3b81862c6: 100% ▕██████████████████▏ 637 MB                         pulling manifest 
pulling 2af3b81862c6: 100% ▕██████████████████▏ 637 MB                         pulling manifest 
pulling 2af3b81862c6: 100% ▕██████████████████▏ 637 MB                         pulling manifest 
pulling 2af3b81862c6: 100% ▕██████████████████▏ 637 MB                         pulling manifest 
pulling 2af3b81862c6: 100% ▕██████████████████▏ 637 MB                         pulling manifest 
pulling 2af3b81862c6: 100% ▕██████████████████▏ 637 MB                         
pulling af0ddbdaaa26: 100% ▕██████████████████▏   70 B                         pulling manifest 
pulling 2af3b81862c6: 100% ▕██████████████████▏ 637 MB                         
pulling af0ddbdaaa26: 100% ▕██████████████████▏   70 B                         pulling manifest 
pulling 2af3b81862c6: 100% ▕██████████████████▏ 637 MB                         
pulling af0ddbdaaa26: 100% ▕██████████████████▏   70 B                         pulling manifest 
pulling 2af3b81862c6: 100% ▕██████████████████▏ 637 MB                         
pulling af0ddbdaaa26: 100% ▕██████████████████▏   70 B                         pulling manifest 
pulling 2af3b81862c6: 100% ▕██████████████████▏ 637 MB                         
pulling af0ddbdaaa26: 100% ▕██████████████████▏   70 B                         pulling manifest 
pulling 2af3b81862c6: 100% ▕██████████████████▏ 637 MB                         
pulling af0ddbdaaa26: 100% ▕██████████████████▏   70 B                         pulling manifest 
pulling 2af3b81862c6: 100% ▕██████████████████▏ 637 MB                         
pulling af0ddbdaaa26: 100% ▕██████████████████▏   70 B                         pulling manifest 
pulling 2af3b81862c6: 100% ▕██████████████████▏ 637 MB                         
pulling af0ddbdaaa26: 100% ▕██████████████████▏   70 B                         pulling manifest 
pulling 2af3b81862c6: 100% ▕██████████████████▏ 637 MB                         
pulling af0ddbdaaa26: 100% ▕██████████████████▏   70 B                         pulling manifest 
pulling 2af3b81862c6: 100% ▕██████████████████▏ 637 MB                         
pulling af0ddbdaaa26: 100% ▕██████████████████▏   70 B                         pulling manifest 
pulling 2af3b81862c6: 100% ▕██████████████████▏ 637 MB                         
pulling af0ddbdaaa26: 100% ▕██████████████████▏   70 B                         pulling manifest 
pulling 2af3b81862c6: 100% ▕██████████████████▏ 637 MB                         
pulling af0ddbdaaa26: 100% ▕██████████████████▏   70 B                         pulling manifest 
pulling 2af3b81862c6: 100% ▕██████████████████▏ 637 MB                         
pulling af0ddbdaaa26: 100% ▕██████████████████▏   70 B                         pulling manifest 
pulling 2af3b81862c6: 100% ▕██████████████████▏ 637 MB                         
pulling af0ddbdaaa26: 100% ▕██████████████████▏   70 B                         pulling manifest 
pulling 2af3b81862c6: 100% ▕██████████████████▏ 637 MB                         
pulling af0ddbdaaa26: 100% ▕██████████████████▏   70 B                         pulling manifest 
pulling 2af3b81862c6: 100% ▕██████████████████▏ 637 MB                         
pulling af0ddbdaaa26: 100% ▕██████████████████▏   70 B                         pulling manifest 
pulling 2af3b81862c6: 100% ▕██████████████████▏ 637 MB                         
pulling af0ddbdaaa26: 100% ▕██████████████████▏   70 B                         
pulling c8472cd9daed: 100% ▕██████████████████▏   31 B                         pulling manifest 
pulling 2af3b81862c6: 100% ▕██████████████████▏ 637 MB                         
pulling af0ddbdaaa26: 100% ▕██████████████████▏   70 B                         
pulling c8472cd9daed: 100% ▕██████████████████▏   31 B                         pulling manifest 
pulling 2af3b81862c6: 100% ▕██████████████████▏ 637 MB                         
pulling af0ddbdaaa26: 100% ▕██████████████████▏   70 B                         
pulling c8472cd9daed: 100% ▕██████████████████▏   31 B                         pulling manifest 
pulling 2af3b81862c6: 100% ▕██████████████████▏ 637 MB                         
pulling af0ddbdaaa26: 100% ▕██████████████████▏   70 B                         
pulling c8472cd9daed: 100% ▕██████████████████▏   31 B                         pulling manifest 
pulling 2af3b81862c6: 100% ▕██████████████████▏ 637 MB                         
pulling af0ddbdaaa26: 100% ▕██████████████████▏   70 B                         
pulling c8472cd9daed: 100% ▕██████████████████▏   31 B                         pulling manifest 
pulling 2af3b81862c6: 100% ▕██████████████████▏ 637 MB                         
pulling af0ddbdaaa26: 100% ▕██████████████████▏   70 B                         
pulling c8472cd9daed: 100% ▕██████████████████▏   31 B                         pulling manifest 
pulling 2af3b81862c6: 100% ▕██████████████████▏ 637 MB                         
pulling af0ddbdaaa26: 100% ▕██████████████████▏   70 B                         
pulling c8472cd9daed: 100% ▕██████████████████▏   31 B                         pulling manifest 
pulling 2af3b81862c6: 100% ▕██████████████████▏ 637 MB                         
pulling af0ddbdaaa26: 100% ▕██████████████████▏   70 B                         
pulling c8472cd9daed: 100% ▕██████████████████▏   31 B                         pulling manifest 
pulling 2af3b81862c6: 100% ▕██████████████████▏ 637 MB                         
pulling af0ddbdaaa26: 100% ▕██████████████████▏   70 B                         
pulling c8472cd9daed: 100% ▕██████████████████▏   31 B                         pulling manifest 
pulling 2af3b81862c6: 100% ▕██████████████████▏ 637 MB                         
pulling af0ddbdaaa26: 100% ▕██████████████████▏   70 B                         
pulling c8472cd9daed: 100% ▕██████████████████▏   31 B                         pulling manifest 
pulling 2af3b81862c6: 100% ▕██████████████████▏ 637 MB                         
pulling af0ddbdaaa26: 100% ▕██████████████████▏   70 B                         
pulling c8472cd9daed: 100% ▕██████████████████▏   31 B                         pulling manifest 
pulling 2af3b81862c6: 100% ▕██████████████████▏ 637 MB                         
pulling af0ddbdaaa26: 100% ▕██████████████████▏   70 B                         
pulling c8472cd9daed: 100% ▕██████████████████▏   31 B                         pulling manifest 
pulling 2af3b81862c6: 100% ▕██████████████████▏ 637 MB                         
pulling af0ddbdaaa26: 100% ▕██████████████████▏   70 B                         
pulling c8472cd9daed: 100% ▕██████████████████▏   31 B                         pulling manifest 
pulling 2af3b81862c6: 100% ▕██████████████████▏ 637 MB                         
pulling af0ddbdaaa26: 100% ▕██████████████████▏   70 B                         
pulling c8472cd9daed: 100% ▕██████████████████▏   31 B                         pulling manifest 
pulling 2af3b81862c6: 100% ▕██████████████████▏ 637 MB                         
pulling af0ddbdaaa26: 100% ▕██████████████████▏   70 B                         
pulling c8472cd9daed: 100% ▕██████████████████▏   31 B                         pulling manifest 
pulling 2af3b81862c6: 100% ▕██████████████████▏ 637 MB                         
pulling af0ddbdaaa26: 100% ▕██████████████████▏   70 B                         
pulling c8472cd9daed: 100% ▕██████████████████▏   31 B                         pulling manifest 
pulling 2af3b81862c6: 100% ▕██████████████████▏ 637 MB                         
pulling af0ddbdaaa26: 100% ▕██████████████████▏   70 B                         
pulling c8472cd9daed: 100% ▕██████████████████▏   31 B                         pulling manifest 
pulling 2af3b81862c6: 100% ▕██████████████████▏ 637 MB                         
pulling af0ddbdaaa26: 100% ▕██████████████████▏   70 B                         
pulling c8472cd9daed: 100% ▕██████████████████▏   31 B                         
pulling fa956ab37b8c: 100% ▕██████████████████▏   98 B                         pulling manifest 
pulling 2af3b81862c6: 100% ▕██████████████████▏ 637 MB                         
pulling af0ddbdaaa26: 100% ▕██████████████████▏   70 B                         
pulling c8472cd9daed: 100% ▕██████████████████▏   31 B                         
pulling fa956ab37b8c: 100% ▕██████████████████▏   98 B                         pulling manifest 
pulling 2af3b81862c6: 100% ▕██████████████████▏ 637 MB                         
pulling af0ddbdaaa26: 100% ▕██████████████████▏   70 B                         
pulling c8472cd9daed: 100% ▕██████████████████▏   31 B                         
pulling fa956ab37b8c: 100% ▕██████████████████▏   98 B                         pulling manifest 
pulling 2af3b81862c6: 100% ▕██████████████████▏ 637 MB                         
pulling af0ddbdaaa26: 100% ▕██████████████████▏   70 B                         
pulling c8472cd9daed: 100% ▕██████████████████▏   31 B                         
pulling fa956ab37b8c: 100% ▕██████████████████▏   98 B                         pulling manifest 
pulling 2af3b81862c6: 100% ▕██████████████████▏ 637 MB                         
pulling af0ddbdaaa26: 100% ▕██████████████████▏   70 B                         
pulling c8472cd9daed: 100% ▕██████████████████▏   31 B                         
pulling fa956ab37b8c: 100% ▕██████████████████▏   98 B                         pulling manifest 
pulling 2af3b81862c6: 100% ▕██████████████████▏ 637 MB                         
pulling af0ddbdaaa26: 100% ▕██████████████████▏   70 B                         
pulling c8472cd9daed: 100% ▕██████████████████▏   31 B                         
pulling fa956ab37b8c: 100% ▕██████████████████▏   98 B                         pulling manifest 
pulling 2af3b81862c6: 100% ▕██████████████████▏ 637 MB                         
pulling af0ddbdaaa26: 100% ▕██████████████████▏   70 B                         
pulling c8472cd9daed: 100% ▕██████████████████▏   31 B                         
pulling fa956ab37b8c: 100% ▕██████████████████▏   98 B                         pulling manifest 
pulling 2af3b81862c6: 100% ▕██████████████████▏ 637 MB                         
pulling af0ddbdaaa26: 100% ▕██████████████████▏   70 B                         
pulling c8472cd9daed: 100% ▕██████████████████▏   31 B                         
pulling fa956ab37b8c: 100% ▕██████████████████▏   98 B                         pulling manifest 
pulling 2af3b81862c6: 100% ▕██████████████████▏ 637 MB                         
pulling af0ddbdaaa26: 100% ▕██████████████████▏   70 B                         
pulling c8472cd9daed: 100% ▕██████████████████▏   31 B                         
pulling fa956ab37b8c: 100% ▕██████████████████▏   98 B                         pulling manifest 
pulling 2af3b81862c6: 100% ▕██████████████████▏ 637 MB                         
pulling af0ddbdaaa26: 100% ▕██████████████████▏   70 B                         
pulling c8472cd9daed: 100% ▕██████████████████▏   31 B                         
pulling fa956ab37b8c: 100% ▕██████████████████▏   98 B                         pulling manifest 
pulling 2af3b81862c6: 100% ▕██████████████████▏ 637 MB                         
pulling af0ddbdaaa26: 100% ▕██████████████████▏   70 B                         
pulling c8472cd9daed: 100% ▕██████████████████▏   31 B                         
pulling fa956ab37b8c: 100% ▕██████████████████▏   98 B                         pulling manifest 
pulling 2af3b81862c6: 100% ▕██████████████████▏ 637 MB                         
pulling af0ddbdaaa26: 100% ▕██████████████████▏   70 B                         
pulling c8472cd9daed: 100% ▕██████████████████▏   31 B                         
pulling fa956ab37b8c: 100% ▕██████████████████▏   98 B                         pulling manifest 
pulling 2af3b81862c6: 100% ▕██████████████████▏ 637 MB                         
pulling af0ddbdaaa26: 100% ▕██████████████████▏   70 B                         
pulling c8472cd9daed: 100% ▕██████████████████▏   31 B                         
pulling fa956ab37b8c: 100% ▕██████████████████▏   98 B                         pulling manifest 
pulling 2af3b81862c6: 100% ▕██████████████████▏ 637 MB                         
pulling af0ddbdaaa26: 100% ▕██████████████████▏   70 B                         
pulling c8472cd9daed: 100% ▕██████████████████▏   31 B                         
pulling fa956ab37b8c: 100% ▕██████████████████▏   98 B                         pulling manifest 
pulling 2af3b81862c6: 100% ▕██████████████████▏ 637 MB                         
pulling af0ddbdaaa26: 100% ▕██████████████████▏   70 B                         
pulling c8472cd9daed: 100% ▕██████████████████▏   31 B                         
pulling fa956ab37b8c: 100% ▕██████████████████▏   98 B                         pulling manifest 
pulling 2af3b81862c6: 100% ▕██████████████████▏ 637 MB                         
pulling af0ddbdaaa26: 100% ▕██████████████████▏   70 B                         
pulling c8472cd9daed: 100% ▕██████████████████▏   31 B                         
pulling fa956ab37b8c: 100% ▕██████████████████▏   98 B                         pulling manifest 
pulling 2af3b81862c6: 100% ▕██████████████████▏ 637 MB                         
pulling af0ddbdaaa26: 100% ▕██████████████████▏   70 B                         
pulling c8472cd9daed: 100% ▕██████████████████▏   31 B                         
pulling fa956ab37b8c: 100% ▕██████████████████▏   98 B                         
pulling 6331358be52a: 100% ▕██████████████████▏  483 B                         pulling manifest 
pulling 2af3b81862c6: 100% ▕██████████████████▏ 637 MB                         
pulling af0ddbdaaa26: 100% ▕██████████████████▏   70 B                         
pulling c8472cd9daed: 100% ▕██████████████████▏   31 B                         
pulling fa956ab37b8c: 100% ▕██████████████████▏   98 B                         
pulling 6331358be52a: 100% ▕██████████████████▏  483 B                         pulling manifest 
pulling 2af3b81862c6: 100% ▕██████████████████▏ 637 MB                         
pulling af0ddbdaaa26: 100% ▕██████████████████▏   70 B                         
pulling c8472cd9daed: 100% ▕██████████████████▏   31 B                         
pulling fa956ab37b8c: 100% ▕██████████████████▏   98 B                         
pulling 6331358be52a: 100% ▕██████████████████▏  483 B                         pulling manifest 
pulling 2af3b81862c6: 100% ▕██████████████████▏ 637 MB                         
pulling af0ddbdaaa26: 100% ▕██████████████████▏   70 B                         
pulling c8472cd9daed: 100% ▕██████████████████▏   31 B                         
pulling fa956ab37b8c: 100% ▕██████████████████▏   98 B                         
pulling 6331358be52a: 100% ▕██████████████████▏  483 B                         pulling manifest 
pulling 2af3b81862c6: 100% ▕██████████████████▏ 637 MB                         
pulling af0ddbdaaa26: 100% ▕██████████████████▏   70 B                         
pulling c8472cd9daed: 100% ▕██████████████████▏   31 B                         
pulling fa956ab37b8c: 100% ▕██████████████████▏   98 B                         
pulling 6331358be52a: 100% ▕██████████████████▏  483 B                         pulling manifest 
pulling 2af3b81862c6: 100% ▕██████████████████▏ 637 MB                         
pulling af0ddbdaaa26: 100% ▕██████████████████▏   70 B                         
pulling c8472cd9daed: 100% ▕██████████████████▏   31 B                         
pulling fa956ab37b8c: 100% ▕██████████████████▏   98 B                         
pulling 6331358be52a: 100% ▕██████████████████▏  483 B                         pulling manifest 
pulling 2af3b81862c6: 100% ▕██████████████████▏ 637 MB                         
pulling af0ddbdaaa26: 100% ▕██████████████████▏   70 B                         
pulling c8472cd9daed: 100% ▕██████████████████▏   31 B                         
pulling fa956ab37b8c: 100% ▕██████████████████▏   98 B                         
pulling 6331358be52a: 100% ▕██████████████████▏  483 B                         pulling manifest 
pulling 2af3b81862c6: 100% ▕██████████████████▏ 637 MB                         
pulling af0ddbdaaa26: 100% ▕██████████████████▏   70 B                         
pulling c8472cd9daed: 100% ▕██████████████████▏   31 B                         
pulling fa956ab37b8c: 100% ▕██████████████████▏   98 B                         
pulling 6331358be52a: 100% ▕██████████████████▏  483 B                         
verifying sha256 digest ⠋ pulling manifest 
pulling 2af3b81862c6: 100% ▕██████████████████▏ 637 MB                         
pulling af0ddbdaaa26: 100% ▕██████████████████▏   70 B                         
pulling c8472cd9daed: 100% ▕██████████████████▏   31 B                         
pulling fa956ab37b8c: 100% ▕██████████████████▏   98 B                         
pulling 6331358be52a: 100% ▕██████████████████▏  483 B                         
verifying sha256 digest ⠙ pulling manifest 
pulling 2af3b81862c6: 100% ▕██████████████████▏ 637 MB                         
pulling af0ddbdaaa26: 100% ▕██████████████████▏   70 B                         
pulling c8472cd9daed: 100% ▕██████████████████▏   31 B                         
pulling fa956ab37b8c: 100% ▕██████████████████▏   98 B                         
pulling 6331358be52a: 100% ▕██████████████████▏  483 B                         
verifying sha256 digest ⠹ pulling manifest 
pulling 2af3b81862c6: 100% ▕██████████████████▏ 637 MB                         
pulling af0ddbdaaa26: 100% ▕██████████████████▏   70 B                         
pulling c8472cd9daed: 100% ▕██████████████████▏   31 B                         
pulling fa956ab37b8c: 100% ▕██████████████████▏   98 B                         
pulling 6331358be52a: 100% ▕██████████████████▏  483 B                         
verifying sha256 digest ⠸ pulling manifest 
pulling 2af3b81862c6: 100% ▕██████████████████▏ 637 MB                         
pulling af0ddbdaaa26: 100% ▕██████████████████▏   70 B                         
pulling c8472cd9daed: 100% ▕██████████████████▏   31 B                         
pulling fa956ab37b8c: 100% ▕██████████████████▏   98 B                         
pulling 6331358be52a: 100% ▕██████████████████▏  483 B                         
verifying sha256 digest ⠼ pulling manifest 
pulling 2af3b81862c6: 100% ▕██████████████████▏ 637 MB                         
pulling af0ddbdaaa26: 100% ▕██████████████████▏   70 B                         
pulling c8472cd9daed: 100% ▕██████████████████▏   31 B                         
pulling fa956ab37b8c: 100% ▕██████████████████▏   98 B                         
pulling 6331358be52a: 100% ▕██████████████████▏  483 B                         
verifying sha256 digest ⠴ pulling manifest 
pulling 2af3b81862c6: 100% ▕██████████████████▏ 637 MB                         
pulling af0ddbdaaa26: 100% ▕██████████████████▏   70 B                         
pulling c8472cd9daed: 100% ▕██████████████████▏   31 B                         
pulling fa956ab37b8c: 100% ▕██████████████████▏   98 B                         
pulling 6331358be52a: 100% ▕██████████████████▏  483 B                         
verifying sha256 digest ⠦ pulling manifest 
pulling 2af3b81862c6: 100% ▕██████████████████▏ 637 MB                         
pulling af0ddbdaaa26: 100% ▕██████████████████▏   70 B                         
pulling c8472cd9daed: 100% ▕██████████████████▏   31 B                         
pulling fa956ab37b8c: 100% ▕██████████████████▏   98 B                         
pulling 6331358be52a: 100% ▕██████████████████▏  483 B                         
verifying sha256 digest ⠧ pulling manifest 
pulling 2af3b81862c6: 100% ▕██████████████████▏ 637 MB                         
pulling af0ddbdaaa26: 100% ▕██████████████████▏   70 B                         
pulling c8472cd9daed: 100% ▕██████████████████▏   31 B                         
pulling fa956ab37b8c: 100% ▕██████████████████▏   98 B                         
pulling 6331358be52a: 100% ▕██████████████████▏  483 B                         
verifying sha256 digest ⠇ pulling manifest 
pulling 2af3b81862c6: 100% ▕██████████████████▏ 637 MB                         
pulling af0ddbdaaa26: 100% ▕██████████████████▏   70 B                         
pulling c8472cd9daed: 100% ▕██████████████████▏   31 B                         
pulling fa956ab37b8c: 100% ▕██████████████████▏   98 B                         
pulling 6331358be52a: 100% ▕██████████████████▏  483 B                         
verifying sha256 digest ⠏ pulling manifest 
pulling 2af3b81862c6: 100% ▕██████████████████▏ 637 MB                         
pulling af0ddbdaaa26: 100% ▕██████████████████▏   70 B                         
pulling c8472cd9daed: 100% ▕██████████████████▏   31 B                         
pulling fa956ab37b8c: 100% ▕██████████████████▏   98 B                         
pulling 6331358be52a: 100% ▕██████████████████▏  483 B                         
verifying sha256 digest ⠋ pulling manifest 
pulling 2af3b81862c6: 100% ▕██████████████████▏ 637 MB                         
pulling af0ddbdaaa26: 100% ▕██████████████████▏   70 B                         
pulling c8472cd9daed: 100% ▕██████████████████▏   31 B                         
pulling fa956ab37b8c: 100% ▕██████████████████▏   98 B                         
pulling 6331358be52a: 100% ▕██████████████████▏  483 B                         
verifying sha256 digest ⠹ pulling manifest 
pulling 2af3b81862c6: 100% ▕██████████████████▏ 637 MB                         
pulling af0ddbdaaa26: 100% ▕██████████████████▏   70 B                         
pulling c8472cd9daed: 100% ▕██████████████████▏   31 B                         
pulling fa956ab37b8c: 100% ▕██████████████████▏   98 B                         
pulling 6331358be52a: 100% ▕██████████████████▏  483 B                         
verifying sha256 digest ⠹ pulling manifest 
pulling 2af3b81862c6: 100% ▕██████████████████▏ 637 MB                         
pulling af0ddbdaaa26: 100% ▕██████████████████▏   70 B                         
pulling c8472cd9daed: 100% ▕██████████████████▏   31 B                         
pulling fa956ab37b8c: 100% ▕██████████████████▏   98 B                         
pulling 6331358be52a: 100% ▕██████████████████▏  483 B                         
verifying sha256 digest ⠸ pulling manifest 
pulling 2af3b81862c6: 100% ▕██████████████████▏ 637 MB                         
pulling af0ddbdaaa26: 100% ▕██████████████████▏   70 B                         
pulling c8472cd9daed: 100% ▕██████████████████▏   31 B                         
pulling fa956ab37b8c: 100% ▕██████████████████▏   98 B                         
pulling 6331358be52a: 100% ▕██████████████████▏  483 B                         
verifying sha256 digest ⠼ pulling manifest 
pulling 2af3b81862c6: 100% ▕██████████████████▏ 637 MB                         
pulling af0ddbdaaa26: 100% ▕██████████████████▏   70 B                         
pulling c8472cd9daed: 100% ▕██████████████████▏   31 B                         
pulling fa956ab37b8c: 100% ▕██████████████████▏   98 B                         
pulling 6331358be52a: 100% ▕██████████████████▏  483 B                         
verifying sha256 digest ⠴ pulling manifest 
pulling 2af3b81862c6: 100% ▕██████████████████▏ 637 MB                         
pulling af0ddbdaaa26: 100% ▕██████████████████▏   70 B                         
pulling c8472cd9daed: 100% ▕██████████████████▏   31 B                         
pulling fa956ab37b8c: 100% ▕██████████████████▏   98 B                         
pulling 6331358be52a: 100% ▕██████████████████▏  483 B                         
verifying sha256 digest ⠦ pulling manifest 
pulling 2af3b81862c6: 100% ▕██████████████████▏ 637 MB                         
pulling af0ddbdaaa26: 100% ▕██████████████████▏   70 B                         
pulling c8472cd9daed: 100% ▕██████████████████▏   31 B                         
pulling fa956ab37b8c: 100% ▕██████████████████▏   98 B                         
pulling 6331358be52a: 100% ▕██████████████████▏  483 B                         
verifying sha256 digest ⠧ pulling manifest 
pulling 2af3b81862c6: 100% ▕██████████████████▏ 637 MB                         
pulling af0ddbdaaa26: 100% ▕██████████████████▏   70 B                         
pulling c8472cd9daed: 100% ▕██████████████████▏   31 B                         
pulling fa956ab37b8c: 100% ▕██████████████████▏   98 B                         
pulling 6331358be52a: 100% ▕██████████████████▏  483 B                         
verifying sha256 digest ⠇ pulling manifest 
pulling 2af3b81862c6: 100% ▕██████████████████▏ 637 MB                         
pulling af0ddbdaaa26: 100% ▕██████████████████▏   70 B                         
pulling c8472cd9daed: 100% ▕██████████████████▏   31 B                         
pulling fa956ab37b8c: 100% ▕██████████████████▏   98 B                         
pulling 6331358be52a: 100% ▕██████████████████▏  483 B                         
verifying sha256 digest ⠏ pulling manifest 
pulling 2af3b81862c6: 100% ▕██████████████████▏ 637 MB                         
pulling af0ddbdaaa26: 100% ▕██████████████████▏   70 B                         
pulling c8472cd9daed: 100% ▕██████████████████▏   31 B                         
pulling fa956ab37b8c: 100% ▕██████████████████▏   98 B                         
pulling 6331358be52a: 100% ▕██████████████████▏  483 B                         
verifying sha256 digest ⠋ pulling manifest 
pulling 2af3b81862c6: 100% ▕██████████████████▏ 637 MB                         
pulling af0ddbdaaa26: 100% ▕██████████████████▏   70 B                         
pulling c8472cd9daed: 100% ▕██████████████████▏   31 B                         
pulling fa956ab37b8c: 100% ▕██████████████████▏   98 B                         
pulling 6331358be52a: 100% ▕██████████████████▏  483 B                         
verifying sha256 digest ⠙ pulling manifest 
pulling 2af3b81862c6: 100% ▕██████████████████▏ 637 MB                         
pulling af0ddbdaaa26: 100% ▕██████████████████▏   70 B                         
pulling c8472cd9daed: 100% ▕██████████████████▏   31 B                         
pulling fa956ab37b8c: 100% ▕██████████████████▏   98 B                         
pulling 6331358be52a: 100% ▕██████████████████▏  483 B                         
verifying sha256 digest ⠹ pulling manifest 
pulling 2af3b81862c6: 100% ▕██████████████████▏ 637 MB                         
pulling af0ddbdaaa26: 100% ▕██████████████████▏   70 B                         
pulling c8472cd9daed: 100% ▕██████████████████▏   31 B                         
pulling fa956ab37b8c: 100% ▕██████████████████▏   98 B                         
pulling 6331358be52a: 100% ▕██████████████████▏  483 B                         
verifying sha256 digest ⠸ pulling manifest 
pulling 2af3b81862c6: 100% ▕██████████████████▏ 637 MB                         
pulling af0ddbdaaa26: 100% ▕██████████████████▏   70 B                         
pulling c8472cd9daed: 100% ▕██████████████████▏   31 B                         
pulling fa956ab37b8c: 100% ▕██████████████████▏   98 B                         
pulling 6331358be52a: 100% ▕██████████████████▏  483 B                         
verifying sha256 digest ⠼ pulling manifest 
pulling 2af3b81862c6: 100% ▕██████████████████▏ 637 MB                         
pulling af0ddbdaaa26: 100% ▕██████████████████▏   70 B                         
pulling c8472cd9daed: 100% ▕██████████████████▏   31 B                         
pulling fa956ab37b8c: 100% ▕██████████████████▏   98 B                         
pulling 6331358be52a: 100% ▕██████████████████▏  483 B                         
verifying sha256 digest ⠴ pulling manifest 
pulling 2af3b81862c6: 100% ▕██████████████████▏ 637 MB                         
pulling af0ddbdaaa26: 100% ▕██████████████████▏   70 B                         
pulling c8472cd9daed: 100% ▕██████████████████▏   31 B                         
pulling fa956ab37b8c: 100% ▕██████████████████▏   98 B                         
pulling 6331358be52a: 100% ▕██████████████████▏  483 B                         
verifying sha256 digest ⠦ pulling manifest 
pulling 2af3b81862c6: 100% ▕██████████████████▏ 637 MB                         
pulling af0ddbdaaa26: 100% ▕██████████████████▏   70 B                         
pulling c8472cd9daed: 100% ▕██████████████████▏   31 B                         
pulling fa956ab37b8c: 100% ▕██████████████████▏   98 B                         
pulling 6331358be52a: 100% ▕██████████████████▏  483 B                         
verifying sha256 digest ⠧ pulling manifest 
pulling 2af3b81862c6: 100% ▕██████████████████▏ 637 MB                         
pulling af0ddbdaaa26: 100% ▕██████████████████▏   70 B                         
pulling c8472cd9daed: 100% ▕██████████████████▏   31 B                         
pulling fa956ab37b8c: 100% ▕██████████████████▏   98 B                         
pulling 6331358be52a: 100% ▕██████████████████▏  483 B                         
verifying sha256 digest 
writing manifest 
success